[
    {"id":"AP-M1-1",
    "products":["ARI213","ACY5190"],
    "classes":["EXIT"], 
    "data_date":"26.09.2013"},

    {"id":"AP-M1-2",
    "products":["ARI213","ACY5190","ADF3000"],
    "classes":["EXIT"],
    "data_date":"26.09.2013"},

    {"id":"AP-M2-1",
    "products":["ALC190","ACY001","ADC335","ADC190","HANDLEPAIR_U","AVR"],
    "classes":["ONEFIT","EXIT","FK1"],
    "data_date":"26.09.2013"},

    {"id":"AP-M2-2",
    "products":["ALC190","ACY001","ADC335","ADC190","ADF3000","HANDLEPAIR_U","AVR"],
    "classes":["ONEFIT","EXIT","FK1"],
    "data_date":"26.09.2013"},

    {"id":"AP-S1-1",
    "products":["ACY037","ABL581APX","AAR001","ADC240","ADC191","HANDLEPAIR_U","AVR"],
    "classes":["ONEFIT","EXIT","FK1"],
    "data_date":"14.11.2013"},

    {"id":"AP-S1-2",
    "products":["ACY037","ABL581APX","AAR001","ADC240","ADF3000","ADC191","HANDLEPAIR_U","AVR"],
    "classes":["ONEFIT","EXIT","FK1"],
    "data_date":"14.11.2013"},

    {"id":"AP-S2-1",
    "products":["ACY063","ABL480APX","AAR001","ADC240","ADC191","HANDLEPAIR_P","AVR"],
    "classes":["EXIT"],
    "data_date":"14.11.2013"},

    {"id":"AP-S2-2",
    "products":["ACY063","ABL480APX","AAR001","ADC240","ADC191","ADF3000","HANDLEPAIR_P","AVR"],
    "classes":["EXIT"],
    "data_date":"14.11.2013"},

    {"id":"AP-S3-1",
    "products":["ACY037","ABL581APX","AVR","AAR001","ADC335","ADC190","HANDLEPAIR_U"],
    "classes":["EXIT","ONEFIT","FK1"],
    "data_date":"14.11.2013"},

    {"id":"AP-S3-2",
    "products":["ACY037","ABL581APX","AVR","AAR001","ADC335","ADC190","HANDLEPAIR_U","ADF3000"],
    "classes":["EXIT","ONEFIT","FK1"],
    "data_date":"14.11.2013"},

    {"id":"AP-S4-1",
    "products":["ACY063","ABL480APX","AVR","AAR001","ADC335","ADC190","HANDLEPAIR_P"],
    "classes":["EXIT"],
    "data_date":"14.11.2013"},
   
    {"id":"AP-S4-2",
    "products":["ACY063","ABL480APX","AVR","AAR001","ADC335","ADC190","HANDLEPAIR_P","ADF3000"],
    "classes":["EXIT"],
    "data_date":"14.11.2013"},

    {"id":"AP-S5-1",
    "products":["ACY037","ABL581APX","AVR","AAR001","A953030","ADC335","ADC199","HANDLEPAIR_U"],
    "classes":["ONEFIT","FK1","FIRE","EXIT"],
    "data_date":"14.11.2013"},

    {"id":"AP-S5-2",
    "products":["ACY037","ABL581APX","AVR","AAR001","A953030","ADC335","ADC199","HANDLEPAIR_U","ADF3000"],
    "classes":["ONEFIT","FK1","FIRE","EXIT"],
    "data_date":"14.11.2013"},

    {"id":"AP-S6-1",
    "products":["ACY063","ABL480APX","AVR","AAR001","A953037","ADC335","ADC199","HANDLEPAIR_P"],
    "classes":["FIRE","EXIT"],
    "data_date":"14.11.2013"},

    {"id":"AP-S6-2",
    "products":["ACY063","ABL480APX","AVR","AAR001","A953037","ADC335","ADC199","HANDLEPAIR_P","ADF3000"],
    "classes":["FIRE","EXIT"],
    "data_date":"14.11.2013"},

    {"id":"AC2-1",
    "products":["ACY037","AEL590","AVR","AEC111","AEA280","AEA217","AEA501","AEA701","PULL_OUT","HANDLE_IN_U"],
    "classes":["FK1","EXIT"],
    "data_date":"17.04.2013"},

    {"id":"AC3-1",
    "products":["ACY037","AEL580","AVR","AEC111","AEA280","AEA210","AEA501","AEA701","HANDLEPAIR_U"],
    "classes":["FK1","EXIT"],
    "data_date":"17.04.2013"},

    {"id":"AC4-1",
    "products":["ACY037","AEL590","AVR","AEC111","ADA460","ADA147","ADA103","ADA001","ADA001","ADA034","AEA280","AEA217","AEA503","PULL_OUT","HANDLE_IN_U"],
    "classes":["FK1","EXIT"],
    "data_date":"17.04.2013"},

    {"id":"AC13-1",
    "products":["AEC111","AEA501","AEA701"],
    "classes":["EXIT"],
    "data_date":"17.04.2013"},

    {"id":"AC14-1",
    "products":["ACY016","ABL581COX","AVR","AEC110","HANDLEPAIR_U"],
    "classes":["FK1","EXIT"],
    "data_date":"14.11.2013"},

    {"id":"AC15-1",
    "products":["ACY016","ABL583COX","AVR","AEC110","HANDLEPAIR_U"],
    "classes":["FK1"],
    "data_date":"14.11.2013"},

    {"id":"AC16-1",
    "products":["ACY001","ABL583COX","AVR","AEC110","HANDLEPAIR_U"],
    "classes":["FK1","EXIT"],
    "data_date":"14.11.2013"},

    {"id":"EXH-M02-1",
    "products":["ACY037","ALE180","AVR","ADC240","ADC199","HANDLEPAIR_U_EXIT"],
    "classes":["FK1","FIRE","EN179"],
    "data_date":"10.04.2013"},

    {"id":"EXB-M02-1",
    "products":["ACY037","ALE180","AVR","ADC240","ADC199","APBE001","HANDLE_U_OUT"],
    "classes":["FK1","FIRE","EN1125"],
    "data_date":"10.04.2013"},

    {"id":"EXH-M06-1",
    "products":["ACY037","ALE184","AVR","ADC240","ADC199","PULL_OUT","HANDLE_IN_U_EXIT"],
    "classes":["FK1","FIRE","EN179"],
    "data_date":"10.04.2013"},

    {"id":"EXB-M06-1",
    "products":["ACY037","ALE184","AVR","ADC240","ADC199","PULL_OUT","APBE002"],
    "classes":["FK1","FIRE","EN1125"],
    "data_date":"10.04.2013"},

    {"id":"EXH-M09-1",
    "products":["ACY037","ALE185","AVR","ADC335","ADC190","PULL_OUT","HANDLE_IN_U_EXIT"],
    "classes":["FK1","EN179"],
    "data_date":"10.04.2013"},

    {"id":"EXB-M09-1",
    "products":["ACY037","ALE185","AVR","ADC335","ADC190","PULL_OUT","APBE002"],
    "classes":["FK1","EN1125"],
    "data_date":"10.04.2013"},

    {"id":"EXH-M15-1",
    "products":["ACY002","ALE184","AVR","ADC240","ADC199","PULL_OUT","AEH900","HANDLE_IN_U_EXIT"],
    "classes":["FK1","FIRE","EN179"],
    "data_date":"10.04.2013"},

    {"id":"EXH-M20-1",
    "products":["ACY063","ALE310","AVR","ADC240","ADC199","HANDLEPAIR_P_EXIT"],
    "classes":["FIRE","EN179"],
    "data_date":"10.04.2013"},

    {"id":"EXB-M20-1",
    "products":["ACY063","ALE310","ALP702","ADC240","ADC199","APBE001","HANDLE_P_OUT"],
    "classes":["FIRE","EN1125"],
    "data_date":"10.04.2013"},

    {"id":"EXH-M24-1",
    "products":["ACY063","ALE314","AVR","ADC240","ADC199","PULL_OUT","HANDLE_IN_P_EXIT"],
    "classes":["FIRE","EN179"],
    "data_date":"10.04.2013"},

    {"id":"EXB-M24-1",
    "products":["ACY063","ALE314","ALP702","ADC240","ADC199","PULL_OUT","APBE003"],
    "classes":["FIRE","EN1125"],
    "data_date":"10.04.2013"},

    {"id":"EXH-M27-1",
    "products":["ACY063","ALE315","AVR","ADC240","ADC190","PULL_OUT","HANDLE_IN_P_EXIT"],
    "classes":["EN179"],
    "data_date":"10.04.2013"},

    {"id":"EXB-M27-1",
    "products":["ACY063","ALE315","ALP702","ADC240","ADC190","PULL_OUT","APBE003"],
    "classes":["EN1125"],
    "data_date":"10.04.2013"},

    {"id":"EXH-M33-1",
    "products":["ACY065","ALE314","AVR","ADC240","ADC199","PULL_OUT","AEH900","PULL_OUT","HANDLE_IN_P_EXIT"],
    "classes":["FIRE","EN179"],
    "data_date":"10.04.2013"},

    {"id":"EXH-M37-2",
    "products":["ACY037","ALE186","ADC250","ADC250","AFD461","PULL_OUT","HANDLE_IN_U_EXIT","ALE980","ALE982","ALE981","AFD101","HANDLE_IN_U_EXIT"],
    "classes":["EN179"],
    "data_date":"10.04.2013"},

    {"id":"EXB-M37-2",
    "products":["ACY037","ALE186","ADC250","ADC250","AFD461","PULL_OUT","APBE002","ALE980","ALE982","ALE981","AFD101","APBE002"],
    "classes":["EN1125"],
    "data_date":"10.04.2013"},
    
    {"id":"EXH-M38-2",
    "products":["ACY037","ALE181","ADC250","ADC250","AFD461","HANDLEPAIR_U_EXIT","ALE980","ALE982","ALE981","AFD101","HANDLE_IN_U_EXIT"],
    "classes":["FIRE","EN179"],
    "data_date":"10.04.2013"},

    {"id":"EXB-M38-2",
    "products":["ACY037","ALE181","ADC250","ADC250","AFD461","APBE001","HANDLE_P_OUT","ALE980","ALE982","ALE981","AFD101","APBE002","DOOR_STOP"],
    "classes":["FIRE","EN1125"],
    "data_date":""},

    {"id":"EXH-M39-2",
    "products":["ACY037","ALE183","ADC250","ADC250","AFD461","PULL_OUT","HANDLE_IN_U_EXIT","ALE980","ALE982","ALE981","AFD101","HANDLE_IN_U_EXIT"],
    "classes":["FIRE","EN179"],
    "data_date":"10.04.2013"},

    {"id":"EXB-M39-2",
    "products":["ACY037","ALE183","ADC250","ADC250","AFD461","PULL_OUT","APBE002","ALE980","ALE982","ALE981","AFD101","APBE002"],
    "classes":["FIRE","EN1125"],
    "data_date":"10.04.2013"},

    {"id":"EXH-M40-2",
    "products":["ACY002","ALE183","ADC250","ADC250","AFD461","PULL_OUT","AEH900","HANDLE_IN_U_EXIT","ALE980","ALE982","ALE981","AFD101","AEH900","HANDLE_IN_U_EXIT"],
    "classes":["FIRE","EN179"],
    "data_date":"10.04.2013"},

    {"id":"EXH-M41-2",
    "products":["ACY063","ALE315","ADC250","ADC250","AFD461","PULL_OUT","HANDLE_IN_P_EXIT","ALE930","ALE932","ALE931","AFD101","HANDLE_IN_P_EXIT"],
    "classes":["EN179"],
    "data_date":"10.04.2013"},

    {"id":"EXB-M41-2",
    "products":["ACY063","ALE315","ADC250","ADC250","AFD461","PULL_OUT","APBE003","ALE930","ALE932","ALE931","AFD101","APBE003"],
    "classes":["EN1125"],
    "data_date":"10.04.2013"},

    {"id":"EXH-M42-2",
    "products":["ACY063","ALE310","ADC250","ADC250","AFD461","HANDLEPAIR_P_EXIT","ALE930","ALE932","ALE931","AFD101","HANDLE_IN_P_EXIT"],
    "classes":["FIRE","EN179"],
    "data_date":"10.04.2013"},

    {"id":"EXB-M42-2",
    "products":["ACY063","ALE310","ADC250","ADC250","AFD461","APBE001","HANDLE_P_OUT","ALE930","ALE931","ALE932","APBE003","AFD101"],
    "classes":["FIRE","EN1125"],
    "data_date":"10.04.2013"},

    {"id":"EXH-M43-2",
    "products":["ACY063","ALE314","ADC250","ADC250","AFD461","PULL_OUT","HANDLE_IN_P_EXIT","ALE930","ALE931","ALE932","AFD101","HANDLE_IN_P_EXIT"],
    "classes":["FIRE","EN179"],
    "data_date":"10.04.2013"},

    {"id":"EXB-M43-2",
    "products":["ACY063","ALE314","ADC250","AFD461","PULL_OUT","APBE003","ALE930","ALE931","ALE932","AFD101","APBE003"],
    "classes":["FIRE","EN1125"],
    "data_date":"10.04.2013"},

    {"id":"EXH-M44-2",
    "products":["ACY065","ALE314","ADC250","ADC250","AFD461","PULL_OUT","AEH900","HANDLE_IN_P_EXIT","ALE930","ALE932","ALE931","AFD101","AEH900","HANDLE_IN_P_EXIT"],
    "classes":["FIRE","EN179"],
    "data_date":"10.04.2013"},

    {"id":"EXH-M44-2",
    "products":["ACY065","ALE314","ADC250","ADC250","AFD461","PULL_OUT","AEH900","HANDLE_IN_P_EXIT","ALE930","ALE932","ALE931","AFD101","AEH900","HANDLE_IN_P_EXIT"],
    "classes":["FIRE","EN179"],
    "data_date":"10.04.2013"},

    {"id":"EXH-S02-1",
    "products":["ACY037","AEL581","SAVR","ADC240","ADC199","AEA280","AEA210","AEA501","HANDLEPAIR_U_EXIT"],
    "classes":["FK1","FIRE","EN179"],
    "data_date":"11.04.2013"},

    {"id":"EXB-S02-1",
    "products":["ACY037","APE580","SAVR","ADC240","ADC199","AEA280","AEA210","AEA501","APBE001","HANDLE_U_OUT"],
    "classes":["FK1"],
    "data_date":"11.04.2013"},

    {"id":"EXH-S06-1",
    "products":["ACY037","AEL593","SAVR","ADC240","ADC199","AEA280","AEA217","AEA501","PULL_OUT","HANDLE_IN_U_EXIT"],
    "classes":["FK1","FIRE","EN179"],
    "data_date":"11.04.2013"},

    {"id":"EXB-S06-1",
    "products":["ACY037","APE590","SAVR","ADC240","ADC199","AEA280","AEA217","AEA501","PULL_OUT","APBE002"],
    "classes":["FK1","FIRE","EN1125"],
    "data_date":"11.04.2013"},

    {"id":"EXH-S11-1",
    "products":["ACY063","AEL480","AVR","ADC240","ADC199","AEA281","AEA210","AEA502","HANDLEPAIR_P_EXIT"],
    "classes":["FIRE","EN179"],
    "data_date":"11.04.2013"},
    
    {"id":"EXB-S11-1",
    "products":["ACY063","AEL480","ALP702","ADC240","ADC199","AEA281","AEA210","AEA502","APBE001","HANDLE_P_OUT"],
    "classes":["FIRE","EN1125"],
    "data_date":"11.04.2013"},

    {"id":"EXH-S15-1",
    "products":["ACY063","AEL490","AVR","ADC240","ADC199","AEA281","AEA217","AEA502","PULL_OUT","HANDLE_IN_P_EXIT"],
    "classes":["FIRE","EN179"],
    "data_date":"11.04.2013"},

    {"id":"EXB-S15-1",
    "products":["ACY063","AEL490","ALP702","ADC240","ADC199","AEA281","AEA217","AEA502","PULL_OUT","APBE003"],
    "classes":["FIRE","EN1125"],
    "data_date":"11.04.2013"},

    {"id":"EXP-S18-1",
    "products":["ACY080","AEL402","AVR","ADC240","ADC190","AEA280","AEA211","AEA502","PULL_OUT"],
    "classes":["EN179"],
    "data_date":"11.04.2013"},

    {"id":"EXH-S19-2",
    "products":["ACY037","APE592","ADC250","ADC250","AFD461","AEA280","AEA217","AEA501","PULL_OUT","HANDLE_IN_U_EXIT","ALE980","ALE953","ALE981","AFD101","HANDLE_IN_U_EXIT"],
    "classes":["FIRE","EN179"],
    "data_date":"10.04.2013"},

    {"id":"EXB-S19-2",
    "products":["ACY037","APE592","ADC250","ADC250","AFD461","AEA280","AEA217","AEA501","PULL_OUT","APBE002","ALE980","ALE953","ALE981","AFD101","APBE002"],
    "classes":["FIRE","EN1125"],
    "data_date":"24.06.2013"},

    {"id":"EXH-S20-2",
    "products":["ACY037","APE592","ADB022","ADB104","ADB109","ADA001","ADA001","ADA061","ADA061","ADA039","AEA280","AEA280","AEA217","AEA211","AEA501","PULL_OUT","HANDLE_IN_U_EXIT","ALE980","ALE953","APE951","AFD101","AEA280","AEA211","HANDLE_IN_U_EXIT","DOOR_STOP"],
    "classes":["EN179"],
    "data_date":"10.04.2013"},

    {"id":"EXB-S20-2",
    "products":["ACY037","APE592","ADB022","ADB104","ADB104","ADB109","ADA001","ADA001","ADA061","ADA061","ADA039","AEA280","AEA280","AEA211","AEA217","AEA501","PULL_OUT","APBE002","ALE980","ALE953","APE951","AFD101","AEA280","AEA211","APBE002","DOOR_STOP"],
    "classes":["EN1125"],
    "data_date":"10.04.2013"},

    {"id":"EXH-S21-2",
    "products":["ACY037","APE592","ADB001","ADB104","ADB103","ADC112","AFD110","ADA001","ADA034","AEA280","AEA217","AEA501","PULL_OUT","HANDLE_IN_U_EXIT","DOOR_STOP","ALE980","ALE953","ALE981","ADC240","ADC190","AFD101","HANDLE_IN_U_EXIT","DOOR_STOP"],
    "classes":["EN179"],
    "data_date":"10.04.2013"},

    {"id":"EXB-S21-2",
    "products":["ACY037","APE592","ADB001","ADB104","ADB103","ADC112","AFD110","ADA001","ADA034","AEA280","AEA217","AEA501","PULL_OUT","APBE002","DOOR_STOP","ALE980","ALE953","ALE981","ADC240","ADC190","AFD101","APBE002","DOOR_STOP"],
    "classes":["EN1125"],
    "data_date":"10.04.2013"},

    {"id":"EXH-S22-2",
    "products":["ACY037","AEL580","ADC250","ADC250","AFD461","AEA280","AEA210","AEA501","HANDLEPAIR_U_EXIT","ALE980","ALE953","ALE981","AFD101","HANDLE_IN_U_EXIT"],
    "classes":["FIRE","EN179"],
    "data_date":"10.04.2013"},

    {"id":"EXB-S22-2",
    "products":["ACY037","AEL580","ADC250","ADC250","AFD461","AEA280","AEA210","AEA501","APBE001","HANDLE_U_OUT","ALE980","ALE953","ALE981","AFD101","APBE002"],
    "classes":["FIRE","EN1125"],
    "data_date":"10.04.2013"},

    {"id":"EXH-S23-2",
    "products":["ACY037","APE592","ADA763","ADA147","ADA147","ADA104","ADA104","AFD110","ADA001","ADA001","ADA034","ADA034","ADA136","AEA280","AEA280","AEA217","AEA211","AEA501","PULL_OUT","HANDLE_IN_U_EXIT","DOOR_STOP","ALE980","ALE953","APE951","AFD101","AEA280","AEA211","HANDLE_IN_U_EXIT","DOOR_STOP"],
    "classes":["FIRE","EN179"],
    "data_date":"10.04.2013"},

    {"id":"EXB-S23-2",
    "products":["ACY037","APE592","ADA763","ADA147","ADA147","ADA104","ADA104","AFD110","ADA001","ADA001","ADA034","ADA034","ADA136","AEA280","AEA280","AEA217","AEA211","AEA501","PULL_OUT","APBE002","DOOR_STOP","ALE980","ALE953","APE951","AFD101","AEA280","AEA211","APBE002","DOOR_STOP"],
    "classes":["FIRE","EN1125"],
    "data_date":"10.04.2013"},

    {"id":"EXH-S24-2",
    "products":["ACY063","AEL490","ADC250","ADC250","AFD461","AEA281","AEA217","AEA502","PULL_OUT","HANDLE_IN_P_EXIT","ALE930","ALE943","ALE931","AFD101","HANDLE_IN_P_EXIT"],
    "classes":["FIRE","EN179"],
    "data_date":"10.04.2013"},

    {"id":"EXB-S24-2",
    "products":["ACY063","AEL490","ADC250","ADC250","AFD461","AEA281","AEA217","AEA502","PULL_OUT","APBE003","ALE930","ALE943","ALE931","AFD101","APBE003"],
    "classes":["FIRE","EN1125"],
    "data_date":"10.04.2013"},

    {"id":"EXH-S25-2",
    "products":["ACY063","AEL490","ADB022","ADB104","ADB104","ADB109","ADA001","ADA001","ADA061","ADA061","ADA039","AEA281","AEA217","AEA502","PULL_OUT","HANDLE_IN_U_EXIT","DOOR_STOP","ALE930","ALE943","APE941","AFD101","AEA281","AEA211","HANDLE_IN_P_EXIT","DOOR_STOP"],
    "classes":["EN179"],
    "data_date":"10.04.2013"},

    {"id":"EXB-S25-2",
    "products":["ACY063","AEL490","ADB022","ADB104","ADB104","ADB109","ADA001","ADA001","ADA061","ADA061","ADA039","AEA281","AEA281","AEA217","AEA211","AEA502","PULL_OUT","APBE003","DOOR_STOP","ALE930","ALE943","APE941","AFD101","AEA281","AEA211","APBE003","DOOR_STOP"],
    "classes":["EN1125"],
    "data_date":"10.04.2013"},

    {"id":"EXH-S26-2",
    "products":["ACY063","AEL490","ADB001","ADB103","ADB104","ADC112","AFD110","ADA001","ADA034","AEA281","AEA217","AEA502","PULL_OUT","HANDLE_IN_P_EXIT","DOOR_STOP","ALE930","ALE943","APE941","ADC240","ADC190","AFD101","HANDLE_IN_P_EXIT","DOOR_STOP"],
    "classes":["EN179"],
    "data_date":"10.04.2013"},

    {"id":"EXB-S26-2",
    "products":["ACY063","AEL490","ADB001","ADB104","ADB103","ADC112","AFD110","ADA001","ADA034","AEA281","AEA281","AEA217","AEA502","PULL_OUT","APBE003","DOOR_STOP","ALE930","ALE943","APE941","ADC240","ADC190","AFD101","APBE003","DOOR_STOP"],
    "classes":["EN1125"],
    "data_date":"10.04.2013"},

    {"id":"EXH-S27-2",
    "products":["ACY063","AEL480","ADC250","ADC250","AFD461","AEA281","AEA210","AEA502","HANDLEPAIR_P_EXIT","ALE930","ALE943","ALE931","AFD101","HANDLE_IN_P_EXIT"],
    "classes":["FIRE","EN179"],
    "data_date":"10.04.2013"},

    {"id":"EXB-S27-2",
    "products":["ACY063","AEL480","ADC250","ADC250","AFD461","AEA281","AEA210","AEA502","APBE001","HANDLE_P_OUT","ALE930","ALE943","ALE931","AFD101","APBE003"],
    "classes":["FIRE","EN1125"],
    "data_date":"10.04.2013"},

    {"id":"EXH-S28-2",
    "products":["ACY063","AEL490","ADA763","ADA147","AFD110","ADA001","ADA001","ADA034","ADA034","ADA136","AEA281","AEA281","AEA217","AEA211","AEA502","PULL_OUT","HANDLE_IN_P_EXIT","DOOR_STOP","ALE930","ALE943","APE941","AFD101","AEA281","AEA211","HANDLE_IN_P_EXIT","DOOR_STOP"],
    "classes":["FIRE","EN179"],
    "data_date":"10.04.2013"},

    {"id":"EXB-S28-2",
    "products":["ACY063","AEL490","ADA763","ADA147","AFD110","ADA001","ADA001","ADA034","ADA034","ADA136","AEA281","AEA281","AEA217","AEA211","AEA502","PULL_OUT","APBE003","DOOR_STOP","ALE930","ALE943","APE941","AFD101","AEA281","AEA211","APBE003","DOOR_STOP"],
    "classes":["FIRE","EN1125"],
    "data_date":"10.04.2013"},

    {"id":"OP-M1-1",
    "products":["AOP193","AVR","AOP1021","ADC335","ADC190"],
    "classes":["ONEFIT","FK1","EXIT"],
    "data_date":"04.09.2013"},

    {"id":"OP-M1-2",
    "products":["AOP193","AVR","AOP1021","ADC335","ADC190","ADF3000"],
    "classes":["ONEFIT","FK1","EXIT"],
    "data_date":"04.09.2013"},

    {"id":"OP-M2-1",
    "products":["AOP021","AOP193","AVR","ADC240","ADC199"],
    "classes":["ONEFIT","FIRE","EXIT"],
    "data_date":"04.09.2013"},

    {"id":"OP-M2-2",
    "products":["AOP021","AOP193","AVR","ADC240","ADC199","ADF3000"],
    "classes":["ONEFIT","FIRE","EXIT"],
    "data_date":"04.09.2013"},

    {"id":"OP-M3-1",
    "products":["AOP021","AOP193","AVR","DOOR_BELL","POST_HATCH"],
    "classes":["ONEFIT","FIRE","EXIT"],
    "data_date":"04.09.2013"},

    {"id":"OP-M4-1",
    "products":["AOP101(UOC)"],
    "classes":[],
    "data_date":"04.09.2013"},

    {"id":"OP-M5-1",
    "products":["AOP031","AOP193","AVR","ADC335","ADC190"],
    "classes":["ONEFIT","EXIT"],
    "data_date":"04.09.2013"},

    {"id":"OP-M5-2",
    "products":["AOP031","AOP193","AVR","ADC335","ADC190","ADF3000"],
    "classes":["ONEFIT","EXIT"],
    "data_date":"04.09.2013"},

    {"id":"OP-M6-1",
    "products":["AOP101(WIR)"],
    "classes":[],
    "data_date":"04.09.2013"},

    {"id":"OP-S1-1",
    "products":["ACY080","AEL402","AVR","AOP101(UOC)","ADC240","ADC191","AEA281","AEA211","PULL_OUT"],
    "classes":["EXIT"],
    "data_date":"04.09.2013"},

    {"id":"OP-S1-2",
    "products":["ACY080","AEL402","AVR","AOP101(UOC)","ADC240","ADC191","AEA281","AEA211","PULL_OUT","ADF3000"],
    "classes":["EXIT"],
    "data_date":"04.09.2013"},

    {"id":"OP-S2-1",
    "products":["ACY063","AEL490","ADH053","AVR","AOP101(UOC)","ADC240","ADC191","AEA281","AEA217","PULL_PAIR"],
    "classes":["EXIT"],
    "data_date":"04.09.2013"},

    {"id":"OP-S2-2",
    "products":["ACY063","AEL490","ADH053","AVR","AOP101(UOC)","ADC240","ADC191","AEA281","AEA217","PULL_PAIR","ADF3000"],
    "classes":["EXIT"],
    "data_date":"04.09.2013"},

    {"id":"OP-S3-1",
    "products":["ACY037","ABL581OPX","AVR","AOP300","HANDLEPAIR_U","DOOR_BELL","POST_HATCH"],
    "classes":["ONEFIT","FK1","FIRE","EXIT"],
    "data_date":"04.09.2013"},

    {"id":"OP-S4-1",
    "products":["ACY063","AEL490","ADH053","AVR","AOP101(WIR)","ADC240","ADC191","AEA281","AEA217","AEA502","PULL_PAIR"],
    "classes":["EXIT"],
    "data_date":"14.11.2013"},

    {"id":"OP-S4-2",
    "products":["ACY063","AEL490","ADH053","AVR","AOP101(WIR)","ADC240","ADC191","AEA281","AEA217","AEA502","PULL_PAIR","ADF3000"],
    "classes":["EXIT"],
    "data_date":"14.11.2013"},

    {"id":"OP-S5-1",
    "products":["ACY063","AEL480","AVR","AOP101(WIR)","ADC240","ADC199","AEA280","AEA217","AEA502","HANDLEPAIR_P_EXIT"],
    "classes":["FIRE","EN179"],
    "data_date":"04.09.2013"},

    {"id":"OP-S5-2",
    "products":["ACY063","AEL480","AVR","AOP101(WIR)","ADC240","ADC199","AEA280","AEA217","AEA502","HANDLEPAIR_P_EXIT","ADF3000"],
    "classes":["FIRE","EN179"],
    "data_date":"04.09.2013"},

    {"id":"OP-S6-1",
    "products":["ACY066","AEL482","ACHO18","AVR","AOP101(WIR)","AOP101(WIR)","ADC240","ADC199","AEA281","AEA210","AEA502","HANDLEPAIR_P"],
    "classes":["FIRE","EXIT"],
    "data_date":"04.09.2013"},

    {"id":"OP-S6-2",
    "products":["ACY066","AEL482","ACHO18","AVR","AOP101(WIR)","AOP101(WIR)","ADC240","ADC199","AEA281","AEA210","AEA502","HANDLEPAIR_P","ADF3000"],
    "classes":["FIRE","EXIT"],
    "data_date":"04.09.2013"},

    {"id":"OP-S7-1",
    "products":["ACY063","AEL480","AVR","AOP101(WIR)","ADC240","ADC199","AEA281","AEA210","AEA502","HANDLEPAIR_P"],
    "classes":["FIRE","EN179"],
    "data_date":"04.09.2013"},

    {"id":"OP-S7-2",
    "products":["ACY063","AEL480","AVR","AOP101(WIR)","ADC240","ADC199","AEA281","AEA210","AEA502","HANDLEPAIR_P","ADF3000"],
    "classes":["FIRE","EN179"],
    "data_date":"04.09.2013"},

    {"id":"DA1A-1",
    "products":["ACY063","AEL490","AVR","ADA460","ADA147","ADA103","AEA281","AEA217","PULL_PAIR","HANDLE_IN_P","DOOR_STOP"],
    "classes":["EXIT"],
    "data_date":"10.12.2013"},

    {"id":"DA1C-1",
    "products":["ACY063","AEL490","AVR","ADB001","ADB104","ADB103","ADA004","ADA034","AEA281","AEA217","AEA500","PULL_PAIR","HANDLE_IN_P","DOOR_STOP"],
    "classes":["EXIT"],
    "data_date":"10.12.2013"},

    {"id":"DA1A-2",
    "products":["ACY063","AEL490","AVR","ADA460","ADA147","ADA103","ADA004","ADA004","ADA034","AEA281","AEA217","PULL_PAIR","HANDLE_IN_P","DOOR_STOP","ADF3000"],
    "classes":["EXIT"],
    "data_date":"10.12.2013"},

    {"id":"DA1C-2",
    "products":["ACY063","AEL490","AVR","ADB001","ADB104","ADB103","ADA004","ADA034","ADA061","AEA281","AEA217","AEA500","PULL_PAIR","HANDLE_IN_P","DOOR_STOP","ADF3000"],
    "classes":["EXIT"],
    "data_date":"13.4.2013"},

    {"id":"DA2A-1",
    "products":["ADA460","ADA147","ADA103","ADA004","ADA004","ADA034","ADA034","AEA281","AEA217","PULL_PAIR","DOOR_STOP"],
    "classes":["EXIT"],
    "data_date":"10.12.2013"},

    {"id":"DA2C-1",
    "products":["ADB001","ADB104","ADB103","ADA004","ADA034","ADA034","AEA281","AEA217","PULL_PAIR","DOOR_STOP"],
    "classes":["EXIT"],
    "data_date":"10.12.2013"},

    {"id":"DA2A-2",
    "products":["ADA460","ADA147","ADA103","ADA004","ADA004","ADA034","ADA034","AEA281","AEA217","PULL_PAIR","DOOR_STOP","ADF3000"],
    "classes":["EXIT"],
    "data_date":"10.12.2013"},

    {"id":"DA2C-2",
    "products":["ADB001","ADB104","ADB103","ADA004","ADA034","ADA034","AEA281","AEA217","PULL_PAIR","DOOR_STOP","ADF3000"],
    "classes":["EXIT"],
    "data_date":"10.12.2013"},

    {"id":"M1-1",
    "products":["ACY066","ALC302","ADC240","ADC190","PULL_PAIR"],
    "classes":["EXIT"],
    "data_date":"10.04.2013"},

    {"id":"M1-2",
    "products":["ACY066","ALC302","AVR","ADC240","ADC190","PULL_PAIR","ADF3000"],
    "classes":["EXIT"],
    "data_date":"10.04.2013"},

    {"id":"M3-1",
    "products":["ACY066","ALC302","AVR","ADC240","ADC190","PULL_PAIR"],
    "classes":["FK1-3","EXIT"],
    "data_date":"11.04.2013"},

    {"id":"M3-2",
    "products":["ACY066","ALC302","AVR","ACY065","ALC306","AVR","ADC240","ADC190","PULL_PAIR","ADF3000","ADF2003"],
    "classes":["FK1-3","EXIT"],
    "data_date":"11.04.2013"},

    {"id":"M6-1",
    "products":["ACY001","ALC195","AVR","ADC240","ADC190","PULL_PAIR","ADP039"],
    "classes":["FK1","EXIT"],
    "data_date":"11.04.2013"},

    {"id":"M6-2",
    "products":["ACY001","ALC195","AVR","ADC240","ADC190","PULL_PAIR","ADP039","ADF3000"],
    "classes":["FK1","EXIT"],
    "data_date":"11.04.2013"},

    {"id":"M8-1",
    "products":["ACY001","ALC195","AVR","ACY062","A4181","AVR","ADC240","ADC190","PULL_PAIR"],
    "classes":["FK1-3","EXIT"],
    "data_date":"11.04.2013"},

    {"id":"M8-2",
    "products":["ACY001","ALC195","AVR","ACY062","A4181","AVR","ADC240","ADC190","PULL_PAIR","ADP039","ADF3000","ADF2003"],
    "classes":["FK1-3","EXIT"],
    "data_date":"11.04.2013"},

    {"id":"M11-1",
    "products":["ADC240","ADC190","PULL_PAIR"],
    "classes":["EXIT"],
    "data_date":"10.04.2013"},

    {"id":"M11-2",
    "products":["ADC240","ADC190","PULL_PAIR","ADF3000"],
    "classes":["EXIT"],
    "data_date":"10.04.2013"},

    {"id":"M12-1",
    "products":["ADC240","ADC190","PULL_PAIR","ADP039"],
    "classes":["EXIT"],
    "data_date":"10.04.2013"},

    {"id":"M12-2",
    "products":["ADC240","ADC190","PULL_PAIR","ADP039","ADF3000"],
    "classes":["EXIT"],
    "data_date":"10.04.2013"},

    {"id":"M13-1",
    "products":["ACY065","ALC301F","ACH017","AVR","ADC335","ADC199","PULL_PAIR"],
    "classes":["FIRE","EXIT"],
    "data_date":"26.09.2013"},

    {"id":"M13-2",
    "products":["ACY065","ALC301F","ACH017","AVR","ADC335","ADC199","PULL_PAIR","ADF3005","ADF3000","AOF230"],
    "classes":["FIRE","EXIT"],
    "data_date":"26.09.2013"},

    {"id":"M14-1",
    "products":["ACY064","ALC301F","ACH017","AVR","ADC335","ADC199","PULL_IN"],
    "classes":["FIRE","EXIT"],
    "data_date":"26.09.2013"},

    {"id":"M14-2",
    "products":["ACY064","ALC301F","ACH017","AVR","ADC335","ADC199","PULL_IN","ADF3005","ADF3000","AOF230"],
    "classes":["FIRE","EXIT"],
    "data_date":"26.09.2013"},

    {"id":"M15-1",
    "products":["ACY065","ALC301F","ACH017","AVR","ACY065","ALC306","AVR","ADC335","ADC199","PULL_PAIR"],
    "classes":["FK1-3","FIRE","EXIT"],
    "data_date":"26.09.2013"},

    {"id":"M15-2",
    "products":["ACY065","ALC301F","ACH017","AVR","ACY065","ALC306","AVR","ADC335","ADC199","PULL_PAIR","ADF3005","ADF3000","ADF2003","AOF230"],
    "classes":["FK1-3","FIRE","EXIT"],
    "data_date":"09.04.2013"},

    {"id":"M16-1",
    "products":["ACY064","ALC301F","ACH017","AVR","ACY064","ALC306","AVR","ADC335","ADC199","PULL_IN"],
    "classes":["FK1-3","FIRE","EXIT"],
    "data_date":"26.09.2013"},

    {"id":"M16-2",
    "products":["ACY064","ALC301F","ACH017","AVR","ACY064","ALC306","AVR","ADC335","ADC199","PULL_IN","ADF3005","ADF3000","ADF2003","AOF230"],
    "classes":["FK1-3","FIRE","EXIT"],
    "data_date":"26.09.2013"},

    {"id":"M17-1",
    "products":["ACY002","ALC193","ACH021","AVR","ADC335","ADC199","PULL_PAIR","ADP039"],
    "classes":["FK1","FIRE","EXIT"],
    "data_date":"10.04.2013"},

    {"id":"M17-2",
    "products":["ACY002","ALC193","ACH021","AVR","ADC335","ADC199","PULL_PAIR","ADP039","ADF3005","ADF3000","AOF230"],
    "classes":["FK1","FIRE","EXIT"],
    "data_date":"10.04.2013"},

    {"id":"M18-1",
    "products":["ACY021","ALC193","ACH021","AVR","ADC335","ADC199","PULL_IN","ADP039"],
    "classes":["FK1","FIRE","EXIT"],
    "data_date":"11.04.2013"},

    {"id":"M18-2",
    "products":["ACY021","ALC193","ACH021","AVR","ADC335","ADC199","PULL_IN","ADP039","ADF3005","ADF3000","AOF230"],
    "classes":["FK1","FIRE","EXIT"],
    "data_date":"11.04.2013"},

    {"id":"M19-1",
    "products":["ACY002","ALC193","ACH021","AVR","ACY062","A4181","AVR","ADC335","ADC199","PULL_PAIR","ADP039"],
    "classes":["FK1-3","FIRE","EXIT"],
    "data_date":"11.04.2013"},

    {"id":"M19-2",
    "products":["ACY002","ALC193","ACH021","AVR","ACY062","A4181","AVR","ADC335","ADC199","PULL_PAIR","ADP039","ADF3005","ADF3000","ADF2003","AOF230"],
    "classes":["FK1-3","FIRE","EXIT"],
    "data_date":"11.04.2013"},

    {"id":"M20-1",
    "products":["ACY021","ALC193","ACH021","AVR","ACY061","A4181","AVR","ADC335","ADC199","PULL_IN","ADP039"],
    "classes":["FK1-3","FIRE","EXIT"],
    "data_date":"11.04.2013"},

    {"id":"M20-2",
    "products":["ACY021","ALC193","ACH021","AVR","ACY061","A4181","AVR","ADC335","ADC199","PULL_IN","ADP039","ADF3005","ADF3000","ADF2003","AOF230"],
    "classes":["FK1-3","FIRE","EXIT"],
    "data_date":"11.04.2013"},

    {"id":"M21-1",
    "products":["ACY066","ALC305","AVR","ADC240","ADC199","HANDLEPAIR_P"],
    "classes":["FIRE","EXIT"],
    "data_date":"11.04.2013"},

    {"id":"M21-2",
    "products":["ACY066","ALC305","AVR","ADC240","ADC199","HANDLEPAIR_P","ADF3000"],
    "classes":["FIRE","EXIT"],
    "data_date":"11.04.2013"},

    {"id":"M22-1",
    "products":["ALC303","ADC240","ADC199","HANDLEPAIR_P"],
    "classes":["FIRE","EXIT"],
    "data_date":"11.04.2013"},

    {"id":"M22-2",
    "products":["ALC303","ADC240","ADC199","HANDLEPAIR_P","ADF3000"],
    "classes":["FIRE","EXIT"],
    "data_date":"11.04.2013"},

    {"id":"M23-1",
    "products":["ACY001","ALC194","AVR","ADC240","ADC199","ADP131","ADP131"],
    "classes":["FK1","FIRE","EXIT"],
    "data_date":"11.04.2013"},

    {"id":"M23-2",
    "products":["ACY001","ALC194","AVR","ADC240","ADC199","ADP131","ADP131","ADF3000"],
    "classes":["FK1","FIRE","EXIT"],
    "data_date":"11.04.2013"},

    {"id":"M24-1",
    "products":["ACY001","ALC190","AVR","ADC240","ADC199","HANDLEPAIR_U"],
    "classes":["FK1","FIRE","EXIT"],
    "data_date":"11.04.2013"},

    {"id":"M24-2",
    "products":["ACY001","ALC190","AVR","ADC240","ADC199","HANDLEPAIR_U","ADF3000"],
    "classes":["FK1","FIRE","EXIT"],
    "data_date":"11.04.2013"},

    {"id":"M26-1",
    "products":["ACY001","ALC102","AVR","ACY062","A4181","AVR","HANDLEPAIR_U"],
    "classes":["FK1-3","EXIT"],
    "data_date":"11.04.2013"},

    {"id":"M26A-1",
    "products":["ACY001","ALC102","AVR","ACY062","A4181","AVR","HANDLEPAIR_U","DOOR_BELL","POST_HATCH"],
    "classes":["FK1-3","FIRE","EXIT"],
    "data_date":"11.04.2013"},

    {"id":"M26A-2",
    "products":["ACY001","ALC102","AVR","ACY062","A4181","AVR","HANDLEPAIR_U","DOOR_BELL","POST_HATCH","A2014","HANDLEPAIR_U_LIGHT"],
    "classes":["FK1","FIRE","EXIT"],
    "data_date":"11.04.2013"},

    {"id":"M26B-1",
    "products":["ACY001","ALC102","AVR","HANDLEPAIR_U","DOOR_BELL","POST_HATCH"],
    "classes":["FK1","FIRE","EXIT"],
    "data_date":"11.04.2013"},

    {"id":"M26B-2",
    "products":["ACY001","ALC102","AVR","HANDLEPAIR_U","DOOR_BELL","POST_HATCH","A2014","HANDLEPAIR_U_LIGHT"],
    "classes":["FK1","FIRE","EXIT"],
    "data_date":"11.04.2013"},

    {"id":"M27-1",
    "products":["ACY001","ALC194","AVR","ADC240SH","ADC190","PULL_PAIR","ADP039"],
    "classes":["FK1","EXIT"],
    "data_date":"11.04.2013"},

    {"id":"M27-2",
    "products":["ACY001","ALC194","AVR","ADC240SH","ADC190","PULL_PAIR","ADP039","ADF3000"],
    "classes":["FK1","EXIT"],
    "data_date":"11.04.2013"},

    {"id":"M29-1",
    "products":["ACY001","ACY037","ALC120","AVR","ADC335","ADC199","ADP131","ADP131"],
    "classes":["FIRE","EXIT"],
    "data_date":"11.04.2013"},

    {"id":"M29-2",
    "products":["ACY001","ACY037","ALC120","AVR","ADC335","ADC199","ADP131","ADP131","ADF3000"],
    "classes":["FIRE","EXIT"],
    "data_date":"11.04.2013"},

    {"id":"M30-1",
    "products":["ACY027","ARI207","A6180"],
    "classes":["EXIT"],
    "data_date":"11.04.2013"},

    {"id":"M31-2",
    "products":["ACY001","ALC195","AVR","ADP130","ADP130","FIX271","FIX271"],
    "classes":["FK1","EXIT"],
    "data_date":"11.04.2013"},

    {"id":"M32-1",
    "products":["ACY066","ALC302","AVR","ADC335","ADC190","PULL_PAIR"],
    "classes":["EXIT"],
    "data_date":"11.04.2013"},

    {"id":"M33-1",
    "products":["ACY069","ALC306","AVR","PULL_PAIR"],
    "classes":["EXIT"],
    "data_date":"11.04.2013"},

    {"id":"M34-1",
    "products":["ACY001","ALC960","AVR","PULL_PAIR"],
    "classes":["EXIT"],
    "data_date":"11.04.2013"},

    {"id":"M35-1",
    "products":["ACY069","ALC306","AVR","ACY064","ALC306","AVR","PULL_PAIR"],
    "classes":["FK1-3"],
    "data_date":"11.04.2013"},

    {"id":"M36-1(VASEN)",
    "products":["A5165","ALA107","AVR","ADP130","ADP130","FIX150","FIXS1107130"],
    "classes":["FK1"],
    "data_date":"11.04.2013"},

    {"id":"M36-1(OIKEA)",
    "products":["A5165","ALA106","AVR","ADP130","ADP130","FIX150","FIXS1107130"],
    "classes":["FK1"],
    "data_date":"11.04.2013"},

    {"id":"M36A-1",
    "products":["ADP130","ADP130","FIX150","FIXS1107130","ADH83"],
    "classes":["FK1"],
    "data_date":"11.04.2013"},

    {"id":"M37-1",
    "products":["ACY804","ADP130","FIX150","FIXS3105130","ADH83"],
    "classes":["FK1"],
    "data_date":"11.04.2013"},

    {"id":"M37-A",
    "products":["ADP130","ADP130","A037","ACH005","FIX150","FIXS3105130","ADH83"],
    "classes":["EXIT"],
    "data_date":"11.04.2013"},

    {"id":"M38-2",
    "products":["ADP130","A037","ACH005","FIX150","FIXS3105130","ADH83","A5165","ALA105","FIX150","FIXS1107130"],
    "classes":["FK1"],
    "data_date":"11.04.2013"},

    {"id":"M39-2",
    "products":["ADP130","FIX150","FIX840","FIXS3105130","ADH83","FIX150","FIXS1107130","ADH83"],
    "classes":["FK1"],
    "data_date":"11.04.2013"},

    {"id":"M42-1",
    "products":["APL330","APL202"],
    "classes":[],
    "data_date":"16.04.2013"},

    {"id":"M43-1",
    "products":["ACY001","ALC190","AVR","HANDLEPAIR_U"],
    "classes":["FK1","EXIT"],
    "data_date":"11.04.2013"},

    {"id":"M43-2",
    "products":["ACY001","ALC190","AVR","HANDLEPAIR_U","ADF3000"],
    "classes":["FK1"],
    "data_date":"11.04.2013"},

    {"id":"M44B-1",
    "products":["ACY001","ALC190","AVR","ADC250","ADC152","ADC194","HANDLEPAIR_U"],
    "classes":["FK1","EXIT"],
    "data_date":"11.04.2013"},

    {"id":"M44B-2",
    "products":["ACY001","ALC190","AVR","ADC250","ADC152","ADC194","HANDLEPAIR_U","ADF3000"],
    "classes":["FK1","EXIT"],
    "data_date":"11.04.2013"},

    {"id":"M45-1",
    "products":["ADC250","ADC152","ADC194","ADP136"],
    "classes":["EXIT"],
    "data_date":"11.04.2013"},
    
    {"id":"M45-2",
    "products":["ADC250","ADC152","ADC194","ADP136","ADF3000"],
    "classes":["EXIT"],
    "data_date":"11.04.2013"},

    {"id":"M46-1",
    "products":["ACY001","ALC195","AVR","ADC335","ADC190","PULL_PAIR","ADP039"],
    "classes":["FK1","EXIT"],
    "data_date":"11.04.2013"},

    {"id":"M46-2",
    "products":["ACY001","ALC195","AVR","ADC335","ADC190","PULL_PAIR","ADP039","ADF3000"],
    "classes":["FK1","EXIT"],
    "data_date":"11.04.2013"},

    {"id":"M47-1",
    "products":["ACY001","ALC190","AVR","ADC335","ADC190","HANDLEPAIR_U"],
    "classes":["FK1","EXIT"],
    "data_date":"11.04.2013"},

    {"id":"M47-2",
    "products":["ACY001","ALC190","AVR","ADC335","ADC190","HANDLEPAIR_U","ADF3000"],
    "classes":["FK1","EXIT"],
    "data_date":"11.04.2013"},

    {"id":"M49-1",
    "products":["ACY001","ALC194","AVR","ACY062","A4181","AVR","ADP130","ADP130","DOOR_BELL","POST_HATCH"],
    "classes":["FK1-3","FIRE","EXIT"],
    "data_date":"11.04.2013"},

    {"id":"M49-2",
    "products":["ACY001","ALC194","AVR","ACY062","A4181","AVR","ADP130","ADP130","DOOR_BELL","POST_HATCH","A2014","AVR","HANDLEPAIR_U_LIGHT"],
    "classes":["FK1-3","FIRE","EXIT"],
    "data_date":"11.04.2013"},

    {"id":"M49A-1",
    "products":["ACY001","ALC194","AVR","ADP130","ADP130","DOOR_BELL","POST_HATCH"],
    "classes":["FK1","FIRE","EXIT"],
    "data_date":"11.04.2013"},

    {"id":"M49A-2",
    "products":["ACY001","ALC194","AVR","ADP130","ADP130","DOOR_BELL","POST_HATCH","A2014","HANDLEPAIR_U_LIGHT"],
    "classes":["FK1","FIRE","EXIT"],
    "data_date":"11.04.2013"},

    {"id":"M50-1",
    "products":["ACY001","ALC102","AVR","HANDLEPAIR_U"],
    "classes":["FK1","EXIT"],
    "data_date":"11.04.2013"},

    {"id":"M53-1",
    "products":["A2014","AVR","HANDLEPAIR_U_LIGHT"],
    "classes":["EXIT"],
    "data_date":"11.04.2013"},

    {"id":"M53-2",
    "products":["A2014","AVR","HANDLEPAIR_U_LIGHT","ADF849"],
    "classes":["EXIT"],
    "data_date":"11.04.2013"},

    {"id":"M53A-1",
    "products":["A2024","AVR","HANDLEPAIR_U_LIGHT"],
    "classes":["EXIT"],
    "data_date":"11.04.2013"},

    {"id":"M53A-2",
    "products":["A2024","AVR","HANDLEPAIR_U_LIGHT","ADF849","ADF849"],
    "classes":["EXIT"],
    "data_date":"11.04.2013"},

    {"id":"M55-1",
    "products":["A2014","AVR","HANDLEPAIR_U_LIGHT","WC_KNOB"],
    "classes":["EXIT"],
    "data_date":"11.04.2013"},

    {"id":"M55A-1",
    "products":["A2025","AVR","HANDLEPAIR_U_LIGHT"],
    "classes":["EXIT"],
    "data_date":"11.04.2013"},

    {"id":"M57-1",
    "products":["A4249","AVR","ADP118","WC_KNOB"],
    "classes":["EXIT"],
    "data_date":"11.04.2013"},

    {"id":"M58-1",
    "products":["A4238","PULL_WOOD"],
    "classes":["EXIT"],
    "data_date":"11.04.2013"},

    {"id":"M59-1",
    "products":["A5153","AKD201"],
    "classes":[],
    "data_date":"16.04.2013"},
    
    {"id":"M60-1",
    "products":["ACL100"],
    "classes":[],
    "data_date":"11.04.2013"},

    {"id":"M61-1",
    "products":["APL340","APL340"],
    "classes":["FK1"],
    "data_date":"11.04.2013"},

    {"id":"M70-2",
    "products":["ACY001","ACY037","ALC120","ADC240","ADC191","PULL_PAIR","ADF900","ADP039","FIX271"],
    "classes":["EXIT"],
    "data_date":"11.04.2013"},

    {"id":"M80-1",
    "products":["ACY070","ACY066","ALC130","AVR","ADC335","ADC190","ADP131","ADP131"],
    "classes":["EXIT"],
    "data_date":"11.04.2013"},

    {"id":"M80-2",
    "products":["ACY070","ACY066","ALC130","AVR","ADC335","ADC190","ADP131","ADP131","ADF900"],
    "classes":["EXIT"],
    "data_date":"11.04.2013"},

    {"id":"M81-1",
    "products":["ACY066","ALC305","ACY065","ALC306","ADC240","ADC199","HANDLEPAIR_P"],
    "classes":["FK1-3","FIRE","EXIT"],
    "data_date":"11.04.2013"},

    {"id":"M81-2",
    "products":["ACY066","ALC305","AVR","ACY065","ALC306","AVR","ADC240","ADC199","HANDLEPAIR_P","ADF3000","ADF2003"],
    "classes":["FK1-3","FIRE","EXIT"],
    "data_date":"11.04.2013"},

    {"id":"M82-2",
    "products":["ACY070","ACY066","ALC130","AVR","ADC240","ADC191","ADP131","ADP131","ADF900","FIX271"],
    "classes":["EXIT"],
    "data_date":"11.04.2013"},

    {"id":"M83-1",
    "products":["ACY001","ALC194","AVR","ACY062","A4181","AVR","ADC240","ADC199","ADP131","ADP131"],
    "classes":["FK1-3","FIRE","EXIT"],
    "data_date":"11.04.2013"},

    {"id":"M83-2",
    "products":["ACY001","ALC194","AVR","ACY062","A4181","AVR","ADC240","ADC199","ADP131","ADP131","ADF3000","ADF2003"],
    "classes":["FK1-3","FIRE","EXIT"],
    "data_date":"11.04.2013"},

    {"id":"M84-1",
    "products":["ACY001","ALC190","AVR","ACY062","A4181","AVR","ADC240","ADC199","HANDLEPAIR_U"],
    "classes":["FK1-3","FIRE","EXIT"],
    "data_date":"11.04.2013"},

    {"id":"M84-2",
    "products":["ACY001","ALC190","AVR","ACY062","A4181","AVR","ADC240","ADC199","HANDLEPAIR_U","ADF3000","ADF2003"],
    "classes":["FK1-3","FIRE","EXIT"],
    "data_date":"11.04.2013"},

    {"id":"M85-1",
    "products":["ACY001","ALC102","AVR","HANDLEPAIR_U"],
    "classes":["FK1","FIRE","EXIT"],
    "data_date":"11.04.2013"},

    {"id":"M86-1",
    "products":["ACY001","ALC194","AVR","ADC335","ADC190","PULL_PAIR"],
    "classes":["FK1","EXIT"],
    "data_date":"11.04.2013"},

    {"id":"M86-2",
    "products":["ACY001","ALC194","AVR","ADC335","ADC190","PULL_PAIR","ADF3000"],
    "classes":["FK1","EXIT"],
    "data_date":"11.04.2013"},

    {"id":"M87-1",
    "products":["ACY071","A4181","AVR"],
    "classes":["EXIT"],
    "data_date":"11.04.2013"},

    {"id":"M88-1",
    "products":["ACY001","ALC197","AVR","ADP131"],
    "classes":["EXIT"],
    "data_date":"11.04.2013"},

    {"id":"M89-1",
    "products":["ACY066","ALC300","AVR","ADC240","ADC199","PULL_WIRE"],
    "classes":["FIRE","EXIT"],
    "data_date":"11.04.2013"},

    {"id":"M89-2",
    "products":["ACY066","ALC300","AVR","ADC240","ADC199","PULL_WIRE","ADF3000"],
    "classes":["FIRE","EXIT"],
    "data_date":"11.04.2013"},

    {"id":"M91-1",
    "products":["ACY037","ALE184","AVR","ADC240","ADC199","PULL_OUT","APBE002"],
    "classes":["FIRE"],
    "data_date":"EXIT"},

    {"id":"M91-2",
    "products":["ACY037","ALE184","AVR","ADC240","ADC199","PULL_OUT","APBE002","ADF3000"],
    "classes":["FIRE","EXIT"],
    "data_date":"11.04.2013"},

    {"id":"M97-1",
    "products":["ALC290","AVR","ADC240","ADC199","HANDLEPAIR_U"],
    "classes":["FIRE","EXIT"],
    "data_date":"11.04.2013"},

    {"id":"M97-2",
    "products":["ALC290","AVR","ADC240","ADC199","HANDLEPAIR_U","ADF3000"],
    "classes":["FIRE","EXIT"],
    "data_date":"11.04.2013"},

    {"id":"M101A-1",
    "products":["ALC290","AVR","ADC250","ADC152","ADC194","HANDLEPAIR_U"],
    "classes":["EXIT"],
    "data_date":"23.09.2013"},

    {"id":"M101A-2",
    "products":["ALC290","AVR","ADC250","ADC152","ADC194","HANDLEPAIR_U","ADF3000"],
    "classes":["EXIT"],
    "data_date":"23.09.2013"},

    {"id":"M104-1",
    "products":["ALC290","AVR","HANDLEPAIR_U","ALH002"],
    "classes":["EXIT"],
    "data_date":"10.04.2013"},

    {"id":"M104-2",
    "products":["ALC290","AVR","HANDLEPAIR_U","ALH002","ADF3000"],
    "classes":["EXIT"],
    "data_date":"10.04.2013"},

    {"id":"M105-1",
    "products":["ALC291","AVR","HANDLEPAIR_U","WC_KNOB"],
    "classes":["EXIT"],
    "data_date":"10.04.2013"},

    {"id":"M105A-1",
    "products":["ALC290","AVR","HANDLEPAIR_U","ALH002","ADC335","ADC190"],
    "classes":["EXIT"],
    "data_date":"10.04.2013"},

    {"id":"M105B-1",
    "products":["ALC291","AVR","HANDLEPAIR_U","WC_KNOB"],
    "classes":["EXIT"],
    "data_date":"10.04.2013"},

    {"id":"M118-1",
    "products":["ACY5190","ARI211"],
    "classes":["EXIT"],
    "data_date":"23.09.2013"},

    {"id":"M118-2",
    "products":["ACY5190","ARI211","ADF849","ADF849"],
    "classes":["EXIT"],
    "data_date":"23.09.2013"},

    {"id":"M119-1",
    "products":["A2024","AVR","HANDLEPAIR_U_LIGHT","WC_KNOB"],
    "classes":["EXIT"],
    "data_date":"10.04.2013"},

    {"id":"M120-1",
    "products":["ACY037","ALE180","AVR","HANDLEPAIR_U","A4249","WC_KNOB","AVR"],
    "classes":["EXIT"],
    "data_date":"11.04.2013"},

    {"id":"FD10A-1",
    "products":["ACY001","ALC190","ALP711","AFD440","AFD494","AFD140","A7463","AEA701","HANDLEPAIR_U"],
    "classes":["FIRE","EXIT"],
    "data_date":"11.04.2013"},

    {"id":"FD10B-1",
    "products":["ACY066","ALC305","A4613","AFD440","AFD494","AFD140","A7463","AEA701","HANDLEPAIR_P"],
    "classes":["FIRE","EXIT"],
    "data_date":"11.04.2013"},

    {"id":"FD11A-1",
    "products":["ACY001","ALC190","ALP711","ADC250","AFD460","AFD600","AFD600","A7400","A7463","HANDLEPAIR_U"],
    "classes":["FIRE","EXIT"],
    "data_date":"11.04.2013"},

    {"id":"FD11B-1",
    "products":["ACY066","ALC305","A4613","ADC250","AFD460","AFD600","AFD600","A7400","A7463","HANDLEPAIR_P"],
    "classes":["FIRE","EXIT"],
    "data_date":"11.04.2013"},

    {"id":"FD12A-2",
    "products":["ACY001","ALC190","ALP711","ADC250","ADC250","AFD461","AFD120","AFD102","AFD101","AFD108","AFD108","HANDLEPAIR_U"],
    "classes":["FIRE","EXIT"],
    "data_date":"11.04.2013"},

    {"id":"FD12B-2",
    "products":["ACY066","ALC305","A4613","ADC250","ADC250","AFD461","AFD120","AFD102","AFD101","AFD108","AFD108","HANDLEPAIR_P"],
    "classes":["FIRE","EXIT"],
    "data_date":"11.04.2013"},

    {"id":"FD13A-2",
    "products":["ACY001","ALC190","ALP711","ADC240","ADC240","ADC199","ADC199","AFD110","AFD108","AFD108","AFD600","A7438","A7438","HANDLEPAIR_U"],
    "classes":["FIRE","EXIT"],
    "data_date":"11.04.2013"},

     {"id":"FD13B-2",
    "products":["ACY066","ALC305","A4613","ADC240","ADC240","ADC199","ADC199","AFD110","AFD108","AFD108","AFD600","A7438","A7438","HANDLEPAIR_P"],
    "classes":["FIRE","EXIT"],
    "data_date":"11.04.2013"},

    {"id":"FD14A-2",
    "products":["ACY001","ALC190","ALP711","ADC250","ADC250","AFD462","AFD120","AFD101","AFD102","A7400","A7463","AFD108","AFD108","AFD600","AFD600","HANDLEPAIR_U"],
    "classes":["FIRE","EXIT"],
    "data_date":"11.04.2013"},

    {"id":"FD14B-2",
    "products":["ACY066","ALC305","A4613","ADC250","ADC250","AFD462","AFD120","AFD101","AFD102","A7400","A7463","AFD108","AFD108","AFD600","AFD600","HANDLEPAIR_P"],
    "classes":["FIRE","EXIT"],
    "data_date":"11.04.2013"},

    {"id":"FD15A-2",
    "products":["ACY001","ALC190","ALP711","ADC250","ADC250","AFD464","AFD120","AFD101","AFD102","A7400","A7463","AFD108","AFD108","AFD600","AFD600","HANDLEPAIR_U"],
    "classes":["FIRE","EXIT"],
    "data_date":"11.04.2013"},

    {"id":"FD15B-2",
    "products":["ACY066","ALC305","A4613","ADC250","ADC250","AFD464","AFD120","AFD101","AFD102","A7400","A7463","AFD108","AFD108","AFD600","AFD600","HANDLEPAIR_P"],
    "classes":["FIRE","EXIT"],
    "data_date":"11.04.2013"},

    {"id":"FD16A-2",
    "products":["ACY037","AEL590","ALP712","ADA763","ADA147","ADA147","AFD110","AFD108","AFD108","AFD600","AFD600","PULL_PAIR","HANDLE_IN_U"],
    "classes":["FIRE","EXIT"],
    "data_date":"11.04.2013"},

    {"id":"FD16B-2",
    "products":["ACY063","AEL490","ALP712","ADA763","ADA147","ADA147","AFD110","AFD108","AFD108","AFD600","AFD600","PULL_PAIR","HANDLE_IN_P"],
    "classes":["FIRE","EXIT"],
    "data_date":"11.04.2013"},

    {"id":"S13-1",
    "products":["ACY065","ALC301X","ACH017","AVR","ADC335","ADC199","AEA281","AEA213","AEA502","PULL_PAIR"],
    "classes":["FIRE","EXIT"],
    "data_date":"26.09.2013"},

    {"id":"S13-2",
    "products":["ACY065","ALC301X","ACH017","AVR","ADC335","ADC199","AEA281","AEA213","AEA213","AEA502","PULL_PAIR","AOF230","A8400","ADF3005","ADF3000"],
    "classes":["FIRE","EXIT"],
    "data_date":"26.09.2013"},

    {"id":"S14-1",
    "products":["ACY064","ALC301X","ACH017","AVR","ADC335","ADC199","AEA281","AEA213","AEA502","PULL_IN"],
    "classes":["FIRE","EXIT"],
    "data_date":"11.04.2013"},

    {"id":"S14-2",
    "products":["ACY064","ALC301X","ACH017","AVR","ADC335","ADC199","AEA281","AEA213","AEA213","AEA502","PULL_IN","A8400","ADF3005","ADF3000","AOF230"],
    "classes":["FIRE","EXIT"],
    "data_date":"11.04.2013"},

    {"id":"S17-1",
    "products":["ACY002","ALC193X","ACH021","AVR","ADC335","ADC199","AEA280","AEA213","AEA501","PULL_PAIR"],
    "classes":["FK1","FIRE","EXIT"],
    "data_date":"11.04.2013"},

    {"id":"S17-2",
    "products":["ACY002","ALC193X","ACH021","AVR","ADC335","ADC199","AEA280","AEA213","AEA213","AEA501","PULL_PAIR","A8400","ADF3005","ADF3000","AOF230"],
    "classes":["FK1","FIRE","EXIT"],
    "data_date":"11.04.2013"},

    {"id":"S18-1",
    "products":["ACY021","ALC193X","ACH021","AVR","ADC335","ADC199","AEA280","AEA213","AEA501","PULL_IN"],
    "classes":["FK1","FIRE","EXIT"],
    "data_date":"11.04.2013"},

    {"id":"S18-2",
    "products":["ACY021","ALC193X","ACH021","AVR","ADC335","ADC199","AEA280","AEA213","AEA213","AEA501","PULL_IN","A8400","ADF3005","ADF3000","AOF230"],
    "classes":["FK1","FIRE","EXIT"],
    "data_date":"11.04.2013"},

    {"id":"S21-1",
    "products":["ACY063","AEL480","AVR","ADC335","ADC199","AEA281","AEA210","AEA502","HANDLEPAIR_P"],
    "classes":["FIRE","EXIT"],
    "data_date":"11.04.2013"},

    {"id":"S21-2",
    "products":["ACY063","AEL480","AVR","ADC335","ADC199","AEA281","AEA210","AEA213","AEA502","HANDLEPAIR_P","A8400","ADF3005","ADF3000","AOF230"],
    "classes":["FIRE","EXIT"],
    "data_date":"11.04.2013"},

    {"id":"S24-1",
    "products":["ACY037","AEL580","AVR","ADC240","ADC199","AEA280","AEA210","AEA501","HANDLEPAIR_U"],
    "classes":["FK1","FIRE","EXIT"],
    "data_date":"11.04.2013"},

    {"id":"S24-2",
    "products":["ACY037","AEL580","AVR","ADC240","ADC199","AEA280","AEA213","AEA210","AEA501","HANDLEPAIR_U","A8400","ADF3000"],
    "classes":["FK1","FIRE","EXIT"],
    "data_date":"03.12.2013"},

    {"id":"S43-1",
    "products":["ACY037","AEL580","AVR","AEA280","AEA213","AEA501","HANDLEPAIR_U"],
    "classes":["FK1","EXIT"],
    "data_date":"11.04.2013"},

    {"id":"S43-2",
    "products":["ACY037","AEL580","AVR","AEA280","AEA213","AEA210","AEA501","HANDLEPAIR_U","A8400","ADF3000"],
    "classes":["FK1","EXIT"],
    "data_date":"11.04.2013"},

    {"id":"S47-1",
    "products":["ACY037","AEL580","AVR","ADC335","ADC199","AEA280","AEA210","AEA501","HANDLEPAIR_U"],
    "classes":["FK1","FIRE","EXIT"],
    "data_date":"11.04.2013"},

    {"id":"S47-2",
    "products":["ACY037","AEL580","ADC335","ADC199","AEA280","AEA210","AEA213","AEA501","HANDLEPAIR_U","A8400","ADF3005","ADF3000"],
    "classes":[],
    "data_date":""},

    {"id":"S52-1",
    "products":["ACY002","AEL582","AVR","ADC335","ADC199","AEA280","AEA210","AEA503","HANDLEPAIR_U"],
    "classes":["FIRE"],
    "data_date":"11.04.2013"},

    {"id":"S52-2",
    "products":["ACY002","AEL582","AVR","ADC335","ADC199","AEA280","AEA210","AEA213","AEA503","HANDLEPAIR_U","A8400","ADF3005","ADF3000","AOF230"],
    "classes":["FIRE"],
    "data_date":"03.12.2013"},

    {"id":"S56-1",
    "products":["ACY037","AEL580","AVR","ADC335","ADC190","AEA280","AEA210","HANDLEPAIR_U","WC_KNOB","A4249"],
    "classes":["EXIT"],
    "data_date":"11.04.2013"},

    {"id":"S59-1",
    "products":["A5153","AKD201X"],
    "classes":[],
    "data_date":"11.04.2013"},

    {"id":"S72-1",
    "products":["ACY001","AEL582","AVR","ACY060","A4181","AVR","AEA280","AEA210","AEA501","HANDLEPAIR_U"],
    "classes":["FK1-3","EXIT"],
    "data_date":"11.04.2013"},

    {"id":"S74-1",
    "products":["ACY037","AEL580","AVR","ACY060","A4181","AVR","AEA280","AEA210","AEA501","HANDLEPAIR_U"],
    "classes":["FK1-3","EXIT"],
    "data_date":"11.04.2013"},

    {"id":"S79-1",
    "products":["ACY016","AEL582","ACH020","AVR","ADC240","ADC199","AEA280","AEA210","AEA502","HANDLEPAIR_U"],
    "classes":["FK1","FIRE","EXIT"],
    "data_date":"11.04.2013"},

    {"id":"S79-2",
    "products":["ACY016","AEL582","ACH020","AVR","ADC240","ADC199","AEA280","AEA210","AEA213","AEA502","HANDLEPAIR_U","A8400","ADF3005","ADF3000","AOF230"],
    "classes":["FK1","FIRE","EXIT"],
    "data_date":"11.04.2013"},

    {"id":"S83-1",
    "products":["ACY063","AEL490","AVR","ADC240","ADC199","AEA281","AEA217","AEA502","PULL_PAIR","HANDLE_IN_P"],
    "classes":["FIRE","EXIT"],
    "data_date":"11.04.2013"},

    {"id":"S83-2",
    "products":["ACY063","AEL490","AVR","ADC240","ADC199","AEA281","AEA217","AEA213","AEA502","PULL_PAIR","HANDLE_IN_P","A8400","ADF3005","ADF3000","AOF230"],
    "classes":["FIRE","EXIT"],
    "data_date":"11.04.2013"},

    {"id":"S84-1",
    "products":["ACY065","AEL490","AVR","ADC240","ADC199","AEA281","AEA217","AEA502","PULL_PAIR","HANDLE_IN_P","ADA025"],
    "classes":["FIRE","EXIT"],
    "data_date":"11.04.2013"},

    {"id":"S84-2",
    "products":["ACY065","AEL490","AVR","ADC240","ADC199","AEA281","AEA217","AEA213","AEA502","PULL_PAIR","HANDLE_IN_P","ADA025","A8400","ADF3005","ADF3000","AOF230"],
    "classes":["FIRE","EXIT"],
    "data_date":"11.04.2013"},

    {"id":"S86-1",
    "products":["ACY037","AEL590","AVR","ADC240","ADC199","AEA281","AEA217","AEA501","PULL_PAIR","HANDLE_IN_P"],
    "classes":["FK1","FIRE","EXIT"],
    "data_date":"11.04.2013"},

    {"id":"S86-2",
    "products":["ACY037","AEL590","AVR","ADC240","ADC199","AEA281","AEA217","AEA213","AEA501","PULL_PAIR","HANDLE_IN_P","A8400","ADF3005","ADF3000","AOF230"],
    "classes":["FK1","FIRE","EXIT"],
    "data_date":"24.06.2013"},

    {"id":"S87-1",
    "products":["ACY002","AEL590","AVR","ADC240","ADC199","AEA281","AEA217","AEA501","PULL_PAIR","HANDLE_IN_U","ADA025"],
    "classes":["FK1","FIRE","EXIT"],
    "data_date":"11.04.2013"},

    {"id":"S87-2",
    "products":["ACY002","AEL590","AVR","ADC240","ADC199","AEA281","AEA217","AEA213","AEA502","PULL_PAIR","HANDLE_IN_U","ADA025","A8400","ADF3005","ADF3000","AOF230"],
    "classes":["FK1","FIRE","EXIT"],
    "data_date":"11.04.2013"},

    {"id":"S94-1",
    "products":["ACY063","AEL490","ACH014","AVR","ADC240","ADC199","AEA281","AEA217","AEA502","PULL_PAIR"],
    "classes":["FIRE","EXIT"],
    "data_date":"11.04.2013"},

    {"id":"S94-2",
    "products":["ACY063","AEL490","ACH014","AVR","ADC240","ADC199","AEA281","AEA217","AEA213","AEA502","PULL_PAIR","A8400","ADF3005","ADF3000","AOF230"],
    "classes":["FIRE","EXIT"],
    "data_date":"11.04.2013"},

    {"id":"S95-1",
    "products":["ACY063","AEL490","ACH014","AVR","ADC240","ADC191","AEA281","AEA217","AEA502","PULL_PAIR"],
    "classes":["EXIT"],
    "data_date":"11.04.2013"},

    {"id":"S95-2",
    "products":["ACY063","AEL490","ACH014","AVR","ADC240","ADC191","AEA281","AEA217","AEA213","AEA502","PULL_PAIR","A8400","ADF3000"],
    "classes":["EXIT"],
    "data_date":"11.04.2013"},

    {"id":"S96-1",
    "products":["ACY063","AEL480","AVR","ADC240","ADC199","AEA281","AEA210","AEA502","HANDLEPAIR_P"],
    "classes":["FIRE","EXIT"],
    "data_date":"11.04.2013"},

    {"id":"S96-2",
    "products":["ACY063","AEL480","AVR","ADC240","ADC199","AEA281","AEA210","AEA213","AEA502","HANDLEPAIR_P","A8400","ADF3000"],
    "classes":["FIRE","EXIT"],
    "data_date":"11.04.2013"},

    {"id":"S97-1",
    "products":["ACY063","AEL480","AVR","ACY066","ALC300","AVR","AEA281","AEA210","HANDLEPAIR_P"],
    "classes":["EXIT"],
    "data_date":"11.04.2013"},

    {"id":"S98-1",
    "products":["ACY037","AEL580","AVR","ACY001","ALC194","AVR","AEA280","AEA210","HANDLEPAIR_U"],
    "classes":["FK1","EXIT"],
    "data_date":"11.04.2013"},
    
    {"id":"S99-1",
    "products":["ACY066","AEL402","AVR","ADC240","ADC190","AEA281","AEA211","PULL_PAIR"],
    "classes":["EXIT"],
    "data_date":"11.04.2013"},

    {"id":"S99-2",
    "products":["ACY066","AEL402","AVR","ADC240","ADC190","AEA281","AEA211","PULL_PAIR","ADF3000"],
    "classes":["EXIT"],
    "data_date":"11.04.2013"},

    {"id":"S100-1",
    "products":["ACY066","AEL402","ACH018","AVR","ADC335","ADC190","AEA281","AEA211","PULL_PAIR"],
    "classes":["EXIT"],
    "data_date":"26.09.2013"},

    {"id":"S101-1",
    "products":["ACY001","AEL502","AVR","ADC335","ADC190","AEA280","AEA211","AEA501","PULL_PAIR"],
    "classes":["FK1","EXIT"],
    "data_date":"11.04.2013"},

    {"id":"S101-2",
    "products":["ACY001","AEL502","AVR","ADC335","ADC190","AEA280","AEA213","AEA211","AEA501","PULL_PAIR","A8400","ADF3000"],
    "classes":["FK1","EXIT"],
    "data_date":"11.04.2013"},

    {"id":"S102-1",
    "products":["ACY065","AEL402","AVR","ADC240","ADC190","AEA281","AEA211","AEA502","PULL_PAIR"],
    "classes":[],
    "data_date":"11.04.2013"},

    {"id":"S102-2",
    "products":["ACY065","AEL402","ADC240","ADC190","AEA281","AEA211","AEA213","AEA502","PULL_PAIR","A8400","ADF3005","ADF3000","AOF230"],
    "classes":[],
    "data_date":"11.04.2013"},

    {"id":"S103-1",
    "products":["ACY065","ALC301X","ACH017","AVR","ACY065","AEL655","AVR","ADC335","ADC199","AEA281","AEA216","AEA470","PULL_PAIR"],
    "classes":["FK1-3","FIRE","EXIT"],
    "data_date":"26.09.2013"},

    {"id":"S103-2",
    "products":["ACY065","ALC301X","ACH017","AVR","ACY065","AEL655","AVR","ADC335","ADC199","AEA281","AEA216","AEA213","AEA470","PULL_PAIR","A8400","ADF3005","ADF3000","ADF2003","AOF230"],
    "classes":["FK1-3","FIRE","EXIT"],
    "data_date":"26.09.2013"},

    {"id":"S104-1",
    "products":["ACY064","ALC301X","ACH017","AVR","ACY064","AEL655","AVR","ADC335","ADC199","AEA281","AEA216","AEA470","PULL_IN"],
    "classes":["FK1-3","FIRE","EXIT"],
    "data_date":"26.09.2013"},

    {"id":"S104-2",
    "products":["ACY064","ALC301X","ACH017","AVR","ACY064","AEL655","AVR","ADC335","ADC199","AEA281","AEA216","AEA213","AEA470","PULL_IN","A8400","ADF3005","ADF3000","ADF2003","AOF230"],
    "classes":["FK1-3","FIRE","EXIT"],
    "data_date":"26.09.2013"},

    {"id":"S105-2",
    "products":["ACY064","ACY064","AEL655","AEL655","AVR","AEA216","AEA470","PULL_IN","PULL_IN"],
    "classes":["FK1-3"],
    "data_date":"11.04.2013"},

    {"id":"S107-1",
    "products":["ACY063","AEL490","AVR","ACY065","AEL655","AVR","ADC240","ADC199","AEA281","AEA216","AEA235","AEA470","PULL_PAIR","HANDLE_IN_P"],
    "classes":["FK1-3","FIRE","EXIT"],
    "data_date":"11.04.2013"},

    {"id":"S107-2",
    "products":["ACY063","AEL490","AVR","ACY065","AEL655","AVR","ADC240","ADC199","AEA281","AEA235","AEA216","AEA213","AEA470","PULL_PAIR","HANDLE_IN_P","A8400","ADF3005","ADF3000","ADF2003","AOF230"],
    "classes":["FK1-3","FIRE","EXIT"],
    "data_date":"11.04.2013"},

    {"id":"S108-1",
    "products":["ACY065","AEL490","AVR","ACY065","AEL655","AVR","ADC240","ADC199","AEA281","AEA235","AEA216","AEA470","PULL_PAIR","HANDLE_IN_P","ADA025"],
    "classes":["FK1-3","FIRE","EXIT"],
    "data_date":"11.04.2013"},

    {"id":"S108-2",
    "products":["ACY065","AEL490","AVR","ACY065","AEL655","AVR","ADC240","ADC199","AEA281","AEA235","AEA216","AEA213","AEA470","PULL_PAIR","HANDLE_IN_P","ADA025","A8400","ADF3005","ADF3000","ADF2003","AOF230"],
    "classes":["FK1-3","FIRE","EXIT"],
    "data_date":"11.04.2013"},

    {"id":"S109-1",
    "products":["ACY066","AEL482","ACH018","AVR","ADC240","ADC199","AEA281","AEA210","AEA502","HANDLEPAIR_P"],
    "classes":["FK1","FIRE","EXIT"],
    "data_date":"26.09.2013"},

    {"id":"S109-2",
    "products":["ACY066","AEL482","ACH018","AVR","ADC240","ADC199","AEA281","AEA213","AEA210","AEA502","HANDLEPAIR_P","A8400","ADF3005","ADF3000","AOF230"],
    "classes":["FK1","FIRE","EXIT"],
    "data_date":"26.09.2013"},

    {"id":"S110-1",
    "products":["ACY065","AEL482","AVR","ADC335","ADC199","AEA281","AEA210","AEA500","HANDLEPAIR_P"],
    "classes":["FIRE"],
    "data_date":"11.04.2013"},

    {"id":"S110-2",
    "products":["ACY065","AEL482","AVR","ADC335","ADC199","AEA281","AEA210","AEA213","AEA500","HANDLEPAIR_P","A8400","ADF3005","ADF3000","AOF230"],
    "classes":["FIRE"],
    "data_date":"11.04.2013"},

    {"id":"S111-1",
    "products":["ACY080","AEL402","AVR","ADC240","ADC190","AEA281","AEA211","AEA502","PULL_OUT"],
    "classes":["EXIT"],
    "data_date":"11.04.2013"},

    {"id":"S112-1",
    "products":["ACY002","AEL590","SAVR","ACY062","AEL577","AVR","ADC335","ADC199","AEA280","AEA280","AEA214","AEA217","AEA501","PULL_OUT","HANDLE_IN_U","CARD_READER","CARD_READER","ADA025"],
    "classes":["FK1-3","FIRE","EXIT"],
    "data_date":"11.04.2013"},

    {"id":"S112-2",
    "products":["ACY002","AEL590","SAVR","ACY062","AEL577","AVR","ADC335","ADC199","AEA280","AEA213","AEA214","AEA217","AEA501","PULL_OUT","HANDLE_IN_U","CARD_READER","CARD_READER","ADA025","A8400","ADF3005","ADF3000","ADF2003","AOF230"],
    "classes":["FK1-3","FIRE","EXIT"],
    "data_date":"11.04.2013"},

    {"id":"S113-1",
    "products":["ACY065","AEL490","AVR","ACY065","AEL655","AVR","ADC335","ADC199","AEA281","AEA235","AEA216","AEA470","PULL_OUT","HANDLE_IN_P","CARD_READER","CARD_READER","ADA025"],
    "classes":["FK1-3","FIRE","EXIT"],
    "data_date":"11.04.2013"},

    {"id":"S113-2",
    "products":["ACY065","AEL490","AVR","ACY065","AEL655","AVR","ADC335","ADC199","AEA281","AEA235","AEA216","AEA213","AEA470","PULL_OUT","HANDLE_IN_P","CARD_READER","CARD_READER","ADA025","A8400","ADF3005","ADF3000","ADF2003","AOF230"],
    "classes":["FK1-3","FIRE","EXIT"],
    "data_date":"11.04.2013"},

    {"id":"S114-1",
    "products":["ACY021","AEL583","SAVR","ACY061","AEL577","AVR","ADC335","ADC199","AEA280","AEA280","AEA214","AEA210","AEA501","HANDLE_IN_U","ADA025"],
    "classes":["FK1-3","FIRE","EXIT"],
    "data_date":"14.11.2013"},

    {"id":"S114-2",
    "products":["ACY021","AEL583","SAVR","ACY061","AEL577","AVR","ADC335","ADC199","AEA280","AEA280","AEA213","AEA214","AEA210","AEA502","HANDLE_IN_U","ADA025","A8400","ADF3005","ADF3000","ADF2003","AOF230"],
    "classes":["FK1-3","FIRE","EXIT"],
    "data_date":"14.11.2013"},

    {"id":"S115-1",
    "products":["ACY064","AEL482","AVR","ACY064","AEL655","AVR","ADC335","ADC199","AEA281","AEA216","AEA236","AEA470","HANDLE_IN_P","ADA025"],
    "classes":["FK1-3","FIRE","EXIT"],
    "data_date":"10.04.2013"},

    {"id":"S115-2",
    "products":["ACY064","AEL482","AVR","ACY064","AEL655","AVR","ADC335","ADC199","AEA281","AEA216","AEA236","AEA213","AEA470","HANDLE_IN_P","ADA025","A8400","ADF3005","ADF3000","ADF2003","AOF230"],
    "classes":["FK1-3","FIRE","EXIT"],
    "data_date":"10.04.2013"},

    {"id":"S116-1",
    "products":["ACY002","ALC193X","ACH021","AVR","ACY062","AEL577","AVR","ADC335","ADC199","AEA281","AEA214","AEA501","PULL_PAIR"],
    "classes":["FK1","FIRE"],
    "data_date":"11.04.2013"},

    {"id":"S116-2",
    "products":["ACY002","ALC193X","ACH021","AVR","ACY062","AEL577","AVR","ADC335","ADC199","AEA281","AEA214","AEA213","AEA501","PULL_PAIR","A8400","ADF3005","ADF3000","ADF2003","AOF230"],
    "classes":["FK1","FIRE"],
    "data_date":"11.04.2013"},

    {"id":"S117-1",
    "products":["ACY021","ALC193X","ACH021","AVR","ACY061","AEL577","AVR","ADC335","ADC199","AEA281","AEA214","AEA501","PULL_IN"],
    "classes":["FK1","FIRE"],
    "data_date":"11.04.2013"},

    {"id":"S117-2",
    "products":["ACY021","ALC193X","ACH021","AVR","ACY061","AEL577","AVR","ADC335","ADC199","AEA281","AEA214","AEA213","AEA501","A8400","ADF3005","ADF3000","ADF2003","AOF230"],
    "classes":["FK1","FIRE"],
    "data_date":"11.04.2013"},

    {"id":"S118-1",
    "products":["ACY061","ACY061","AEL577","AEL577","AVR","AVR","AEA215","AEA215"],
    "classes":[],
    "data_date":"11.04.2013"},

    {"id":"S119-1",
    "products":["ACY001","AEL582","AVR","ACY060","AEL577","AVR","AEA280","AEA280","AEA210","AEA214","HANDLEPAIR_U"],
    "classes":["FK1-3","EXIT"],
    "data_date":"11.04.2013"},

    {"id":"S120-1",
    "products":["ACY037","AEL580","AVR","ACY060","AEL577","AVR","AEA280","AEA280","AEA210","AEA214","HANDLEPAIR_U"],
    "classes":["FK1-3","EXIT"],
    "data_date":"11.04.2013"},

    {"id":"S121-1",
    "products":["ACY037","AEL590","AVR","ACY062","AEL577","AVR","ADC240","ADC199","AEA280","AEA280","AEA214","AEA217","AEA501","PULL_PAIR","HANDLE_IN_U"],
    "classes":["FK1-3","FIRE","EXIT"],
    "data_date":"11.04.2013"},

    {"id":"S121-2",
    "products":["ACY037","AEL590","AVR","ACY062","AEL577","AVR","ADC240","ADC199","AEA280","AEA280","AEA217","AEA214","AEA213","AEA501","PULL_PAIR","HANDLE_IN_U","A8400","ADF3005","ADF3000","ADF2003","AOF230"],
    "classes":["FK1-3","FIRE","EXIT"],
    "data_date":"11.04.2013"},

    {"id":"S122-1",
    "products":["ACY002","AEL590","AVR","ACY062","AEL577","AVR","ADC240","ADC199","AEA280","AEA280","AEA217","AEA214","AEA501","PULL_PAIR","HANDLE_IN_U","ADA025"],
    "classes":["FK1-3","FIRE","EXIT"],
    "data_date":"11.04.2013"},

    {"id":"S122-2",
    "products":["ACY002","AEL590","AVR","ACY062","AEL577","AVR","ADC240","ADC199","AEA280","AEA280","AEA217","AEA214","AEA213","AEA501","PULL_PAIR","HANDLE_IN_U","ADA025","A8400","ADF3005","ADF3000","ADF2003","AOF230"],
    "classes":["FK1-3","FIRE","EXIT"],
    "data_date":"11.04.2013"},

    {"id":"S123-1",
    "products":["ACY069","ACY069","ALC306X","ALC306X","AVR","AVR","AEA213"],
    "classes":["FK1"],
    "data_date":"11.04.2013"}
    
    ]