[
    {"id":"AP-M1-1",
    "products":["ARI213","ACY5190"],
    "classes":["EXIT"], 
    "data_date":"26.09.2013"},

    {"id":"AP-M1-2",
    "products":["ARI213","ACY5190","ADF3000"],
    "classes":["EXIT"],
    "data_date":"26.09.2013"},

    {"id":"AP-M2-1",
    "products":["ALC190","ACY001","ADC335","ADC190","HANDLEPAIR_U","AVR"],
    "classes":["ONEFIT","EXIT","FK1"],
    "data_date":"26.09.2013"},

    {"id":"AP-M2-2",
    "products":["ALC190","ACY001","ADC335","ADC190","ADF3000","HANDLEPAIR_U","AVR"],
    "classes":["ONEFIT","EXIT","FK1"],
    "data_date":"26.09.2013"},

    {"id":"AP-S1-1",
    "products":["ACY037","ABL581APX","AAR001","ADC240","ADC191","HANDLEPAIR_U","AVR"],
    "classes":["ONEFIT","EXIT","FK1"],
    "data_date":"14.11.2013"},

    {"id":"AP-S1-2",
    "products":["ACY037","ABL581APX","AAR001","ADC240","ADF3000","ADC191","HANDLEPAIR_U","AVR"],
    "classes":["ONEFIT","EXIT","FK1"],
    "data_date":"14.11.2013"},

    {"id":"AP-S2-1",
    "products":["ACY063","ABL480APX","AAR001","ADC240","ADC191","HANDLEPAIR_P","AVR"],
    "classes":["EXIT"],
    "data_date":"14.11.2013"},

    {"id":"AP-S2-2",
    "products":["ACY063","ABL480APX","AAR001","ADC240","ADC191","ADF3000","HANDLEPAIR_P","AVR"],
    "classes":["EXIT"],
    "data_date":"14.11.2013"},

    {"id":"AP-S3-1",
    "products":["ACY037","ABL581APX","AVR","AAR001","ADC335","ADC190","HANDLEPAIR_U"],
    "classes":["EXIT","ONEFIT","FK1"],
    "data_date":"14.11.2013"},

    {"id":"AP-S3-2",
    "products":["ACY037","ABL581APX","AVR","AAR001","ADC335","ADC190","HANDLEPAIR_U","ADF3000"],
    "classes":["EXIT","ONEFIT","FK1"],
    "data_date":"14.11.2013"},

    {"id":"AP-S4-1",
    "products":["ACY063","ABL480APX","AVR","AAR001","ADC335","ADC190","HANDLEPAIR_P"],
    "classes":["EXIT"],
    "data_date":"14.11.2013"},
   
    {"id":"AP-S4-2",
    "products":["ACY063","ABL480APX","AVR","AAR001","ADC335","ADC190","HANDLEPAIR_P","ADF3000"],
    "classes":["EXIT"],
    "data_date":"14.11.2013"},

    {"id":"AP-S5-1",
    "products":["ACY037","ABL581APX","AVR","AAR001","A953030","ADC335","ADC199","HANDLEPAIR_U"],
    "classes":["ONEFIT","FK1","FIRE","EXIT"],
    "data_date":"14.11.2013"},

    {"id":"AP-S5-2",
    "products":["ACY037","ABL581APX","AVR","AAR001","A953030","ADC335","ADC199","HANDLEPAIR_U","ADF3000"],
    "classes":["ONEFIT","FK1","FIRE","EXIT"],
    "data_date":"14.11.2013"},

    {"id":"AP-S6-1",
    "products":["ACY063","ABL480APX","AVR","AAR001","A953037","ADC335","ADC199","HANDLEPAIR_P"],
    "classes":["FIRE","EXIT"],
    "data_date":"14.11.2013"},

    {"id":"AP-S6-2",
    "products":["ACY063","ABL480APX","AVR","AAR001","A953037","ADC335","ADC199","HANDLEPAIR_P","ADF3000"],
    "classes":["FIRE","EXIT"],
    "data_date":"14.11.2013"},

    {"id":"AC2-1",
    "products":["ACY037","AEL590","AVR","AEC111","AEA280","AEA217","AEA501","AEA701","PULL_OUT","HANDLE_IN_U"],
    "classes":["FK1","EXIT"],
    "data_date":"17.04.2013"},

    {"id":"AC3-1",
    "products":["ACY037","AEL580","AVR","AEC111","AEA280","AEA210","AEA501","AEA701","HANDLEPAIR_U"],
    "classes":["FK1","EXIT"],
    "data_date":"17.04.2013"},

    {"id":"AC4-1",
    "products":["ACY037","AEL590","AVR","AEC111","ADA460","ADA147","ADA103","ADA001","ADA001","ADA034","AEA280","AEA217","AEA503","PULL_OUT","HANDLE_IN_U"],
    "classes":["FK1","EXIT"],
    "data_date":"17.04.2013"},

    {"id":"AC13-1",
    "products":["AEC111","AEA501","AEA701"],
    "classes":["EXIT"],
    "data_date":"17.04.2013"},

    {"id":"AC14-1",
    "products":["ACY016","ABL581COX","AVR","AEC110","HANDLEPAIR_U"],
    "classes":["FK1","EXIT"],
    "data_date":"14.11.2013"},

    {"id":"AC15-1",
    "products":["ACY016","ABL583COX","AVR","AEC110","HANDLEPAIR_U"],
    "classes":["FK1"],
    "data_date":"14.11.2013"},

    {"id":"AC16-1",
    "products":["ACY001","ABL583COX","AVR","AEC110","HANDLEPAIR_U"],
    "classes":["FK1","EXIT"],
    "data_date":"14.11.2013"},

    {"id":"EXH-M02-1",
    "products":["ACY037","ALE180","AVR","ADC240","ADC199","HANDLEPAIR_U_EXIT"],
    "classes":["FK1","FIRE","EN179"],
    "data_date":"10.04.2013"},

    {"id":"EXB-M02-1",
    "products":["ACY037","ALE180","AVR","ADC240","ADC199","APBE001","HANDLE_U_OUT"],
    "classes":["FK1","FIRE","EN1125"],
    "data_date":"10.04.2013"},

    {"id":"EXH-M06-1",
    "products":["ACY037","ALE184","AVR","ADC240","ADC199","PULL_OUT","HANDLE_IN_U_EXIT"],
    "classes":["FK1","FIRE","EN179"],
    "data_date":"10.04.2013"},

    {"id":"EXB-M06-1",
    "products":["ACY037","ALE184","AVR","ADC240","ADC199","PULL_OUT","APBE002"],
    "classes":["FK1","FIRE","EN1125"],
    "data_date":"10.04.2013"},

    {"id":"EXH-M09-1",
    "products":["ACY037","ALE185","AVR","ADC335","ADC190","PULL_OUT","HANDLE_IN_U_EXIT"],
    "classes":["FK1","EN179"],
    "data_date":"10.04.2013"},

    {"id":"EXB-M09-1",
    "products":["ACY037","ALE185","AVR","ADC335","ADC190","PULL_OUT","APBE002"],
    "classes":["FK1","EN1125"],
    "data_date":"10.04.2013"},

    {"id":"EXH-M15-1",
    "products":["ACY002","ALE184","AVR","ADC240","ADC199","PULL_OUT","AEH900","HANDLE_IN_U_EXIT"],
    "classes":["FK1","FIRE","EN179"],
    "data_date":"10.04.2013"},

    {"id":"EXH-M20-1",
    "products":["ACY063","ALE310","AVR","ADC240","ADC199","HANDLEPAIR_P_EXIT"],
    "classes":["FIRE","EN179"],
    "data_date":"10.04.2013"},

    {"id":"EXB-M20-1",
    "products":["ACY063","ALE310","ALP702","ADC240","ADC199","APBE001","HANDLE_P_OUT"],
    "classes":["FIRE","EN1125"],
    "data_date":"10.04.2013"},

    {"id":"EXH-M24-1",
    "products":["ACY063","ALE314","AVR","ADC240","ADC199","PULL_OUT","HANDLE_IN_P_EXIT"],
    "classes":["FIRE","EN179"],
    "data_date":"10.04.2013"},

    {"id":"EXB-M24-1",
    "products":["ACY063","ALE314","ALP702","ADC240","ADC199","PULL_OUT","APBE003"],
    "classes":["FIRE","EN1125"],
    "data_date":"10.04.2013"},

    {"id":"EXH-M27-1",
    "products":["ACY063","ALE315","AVR","ADC240","ADC190","PULL_OUT","HANDLE_IN_P_EXIT"],
    "classes":["EN179"],
    "data_date":"10.04.2013"},

    {"id":"EXB-M27-1",
    "products":["ACY063","ALE315","ALP702","ADC240","ADC190","PULL_OUT","APBE003"],
    "classes":["EN1125"],
    "data_date":"10.04.2013"},

    {"id":"EXH-M33-1",
    "products":["ACY065","ALE314","AVR","ADC240","ADC199","PULL_OUT","AEH900","PULL_OUT","HANDLE_IN_P_EXIT"],
    "classes":["FIRE","EN179"],
    "data_date":"10.04.2013"},

    {"id":"EXH-M37-2",
    "products":["ACY037","ALE186","ADC250","ADC250","AFD461","PULL_OUT","HANDLE_IN_U_EXIT","ALE980","ALE982","ALE981","AFD101","HANDLE_IN_U_EXIT"],
    "classes":["EN179"],
    "data_date":"10.04.2013"},

    {"id":"EXB-M37-2",
    "products":["ACY037","ALE186","ADC250","ADC250","AFD461","PULL_OUT","APBE002","ALE980","ALE982","ALE981","AFD101","APBE002"],
    "classes":["EN1125"],
    "data_date":"10.04.2013"},
    
    {"id":"EXH-M38-2",
    "products":["ACY037","ALE181","ADC250","ADC250","AFD461","HANDLEPAIR_U_EXIT","ALE980","ALE982","ALE981","AFD101","HANDLE_IN_U_EXIT"],
    "classes":["FIRE","EN179"],
    "data_date":"10.04.2013"},

    {"id":"EXB-M38-2",
    "products":["ACY037","ALE181","ADC250","ADC250","AFD461","APBE001","HANDLE_P_OUT","ALE980","ALE982","ALE981","AFD101","APBE002","DOOR_STOP"],
    "classes":["FIRE","EN1125"],
    "data_date":""},

    {"id":"EXH-M39-2",
    "products":["ACY037","ALE183","ADC250","ADC250","AFD461","PULL_OUT","HANDLE_IN_U_EXIT","ALE980","ALE982","ALE981","AFD101","HANDLE_IN_U_EXIT"],
    "classes":["FIRE","EN179"],
    "data_date":"10.04.2013"},

    {"id":"EXB-M39-2",
    "products":["ACY037","ALE183","ADC250","ADC250","AFD461","PULL_OUT","APBE002","ALE980","ALE982","ALE981","AFD101","APBE002"],
    "classes":["FIRE","EN1125"],
    "data_date":"10.04.2013"},

    {"id":"EXH-M40-2",
    "products":["ACY002","ALE183","ADC250","ADC250","AFD461","PULL_OUT","AEH900","HANDLE_IN_U_EXIT","ALE980","ALE982","ALE981","AFD101","AEH900","HANDLE_IN_U_EXIT"],
    "classes":["FIRE","EN179"],
    "data_date":"10.04.2013"},

    {"id":"EXH-M41-2",
    "products":["ACY063","ALE315","ADC250","ADC250","AFD461","PULL_OUT","HANDLE_IN_P_EXIT","ALE930","ALE932","ALE931","AFD101","HANDLE_IN_P_EXIT"],
    "classes":["EN179"],
    "data_date":"10.04.2013"},

    {"id":"EXB-M41-2",
    "products":["ACY063","ALE315","ADC250","ADC250","AFD461","PULL_OUT","APBE003","ALE930","ALE932","ALE931","AFD101","APBE003"],
    "classes":["EN1125"],
    "data_date":"10.04.2013"},

    {"id":"EXH-M42-2",
    "products":["ACY063","ALE310","ADC250","ADC250","AFD461","HANDLEPAIR_P_EXIT","ALE930","ALE932","ALE931","AFD101","HANDLE_IN_P_EXIT"],
    "classes":["FIRE","EN179"],
    "data_date":"10.04.2013"},

    {"id":"EXB-M42-2",
    "products":["ACY063","ALE310","ADC250","ADC250","AFD461","APBE001","HANDLE_P_OUT","ALE930","ALE931","ALE932","APBE003","AFD101"],
    "classes":["FIRE","EN1125"],
    "data_date":"10.04.2013"},

    {"id":"EXH-M43-2",
    "products":["ACY063","ALE314","ADC250","ADC250","AFD461","PULL_OUT","HANDLE_IN_P_EXIT","ALE930","ALE931","ALE932","AFD101","HANDLE_IN_P_EXIT"],
    "classes":["FIRE","EN179"],
    "data_date":"10.04.2013"},

    {"id":"EXB-M43-2",
    "products":["ACY063","ALE314","ADC250","AFD461","PULL_OUT","APBE003","ALE930","ALE931","ALE932","AFD101","APBE003"],
    "classes":["FIRE","EN1125"],
    "data_date":"10.04.2013"},

    {"id":"EXH-M44-2",
    "products":["ACY065","ALE314","ADC250","ADC250","AFD461","PULL_OUT","AEH900","HANDLE_IN_P_EXIT","ALE930","ALE932","ALE931","AFD101","AEH900","HANDLE_IN_P_EXIT"],
    "classes":["FIRE","EN179"],
    "data_date":"10.04.2013"},

    {"id":"EXH-M44-2",
    "products":["ACY065","ALE314","ADC250","ADC250","AFD461","PULL_OUT","AEH900","HANDLE_IN_P_EXIT","ALE930","ALE932","ALE931","AFD101","AEH900","HANDLE_IN_P_EXIT"],
    "classes":["FIRE","EN179"],
    "data_date":"10.04.2013"},

    {"id":"EXH-S02-1",
    "products":["ACY037","AEL581","SAVR","ADC240","ADC199","AEA280","AEA210","AEA501","HANDLEPAIR_U_EXIT"],
    "classes":["FK1","FIRE","EN179"],
    "data_date":"11.04.2013"},

    {"id":"EXB-S02-1",
    "products":["ACY037","APE580","SAVR","ADC240","ADC199","AEA280","AEA210","AEA501","APBE001","HANDLE_U_OUT"],
    "classes":["FK1"],
    "data_date":"11.04.2013"},

    {"id":"EXH-S06-1",
    "products":["ACY037","AEL593","SAVR","ADC240","ADC199","AEA280","AEA217","AEA501","PULL_OUT","HANDLE_IN_U_EXIT"],
    "classes":["FK1","FIRE","EN179"],
    "data_date":"11.04.2013"},

    {"id":"EXB-S06-1",
    "products":["ACY037","APE590","SAVR","ADC240","ADC199","AEA280","AEA217","AEA501","PULL_OUT","APBE002"],
    "classes":["FK1","FIRE","EN1125"],
    "data_date":"11.04.2013"},

    {"id":"EXH-S11-1",
    "products":["ACY063","AEL480","AVR","ADC240","ADC199","AEA281","AEA210","AEA502","HANDLEPAIR_P_EXIT"],
    "classes":["FIRE","EN179"],
    "data_date":"11.04.2013"},
    
    {"id":"EXB-S11-1",
    "products":["ACY063","AEL480","ALP702","ADC240","ADC199","AEA281","AEA210","AEA502","APBE001","HANDLE_P_OUT"],
    "classes":["FIRE","EN1125"],
    "data_date":"11.04.2013"},

    {"id":"EXH-S15-1",
    "products":["ACY063","AEL490","AVR","ADC240","ADC199","AEA281","AEA217","AEA502","PULL_OUT","HANDLE_IN_P_EXIT"],
    "classes":["FIRE","EN179"],
    "data_date":"11.04.2013"},

    {"id":"EXB-S15-1",
    "products":["ACY063","AEL490","ALP702","ADC240","ADC199","AEA281","AEA217","AEA502","PULL_OUT","APBE003"],
    "classes":["FIRE","EN1125"],
    "data_date":"11.04.2013"},

    {"id":"EXP-S18-1",
    "products":["ACY080","AEL402","AVR","ADC240","ADC190","AEA280","AEA211","AEA502","PULL_OUT"],
    "classes":["EN179"],
    "data_date":"11.04,2013"},

    {"id":"EXH-S19-2",
    "products":["ACY037","APE592","ADC250","ADC250","AFD461","AEA280","AEA217","AEA501","PULL_OUT","HANDLE_IN_U_EXIT","ALE980","ALE953","ALE981","AFD101","HANDLE_IN_U_EXIT"],
    "classes":["FIRE","EN179"],
    "data_date":"10.04.2013"},

    {"id":"EXB-S19-2",
    "products":["ACY037","APE592","ADC250","ADC250","AFD461","AEA280","AEA217","AEA501","PULL_OUT","APBE002","ALE980","ALE953","ALE981","AFD101","APBE002"],
    "classes":["FIRE","EN1125"],
    "data_date":"24.06.2013"},

    {"id":"EXH-S20-2",
    "products":["ACY037","APE592","ADB022","ADB104","ADB109","ADA001","ADA001","ADA061","ADA061","ADA039","AEA280","AEA280","AEA217","AEA211","AEA501","PULL_OUT","HANDLE_IN_U_EXIT","ALE980","ALE953","APE951","AFD101","AEA280","AEA211","HANDLE_IN_U_EXIT","DOOR_STOP"],
    "classes":["EN179"],
    "data_date":"10.04.2013"},

    {"id":"EXB-S20-2",
    "products":["ACY037","APE592","ADB022","ADB104","ADB104","ADB109","ADA001","ADA001","ADA061","ADA061","ADA039","AEA280","AEA280","AEA211","AEA217","AEA501","PULL_OUT","APBE002","ALE980","ALE953","APE951","AFD101","AEA280","AEA211","APBE002","DOOR_STOP"],
    "classes":["EN1125"],
    "data_date":"10.04.2013"},

    {"id":"EXH-S21-2",
    "products":["ACY037","APE592","ADB001","ADB104","ADB103","ADC112","AFD110","ADA001","ADA034","AEA280","AEA217","AEA501","PULL_OUT","HANDLE_IN_U_EXIT","DOOR_STOP","ALE980","ALE953","ALE981","ADC240","ADC190","AFD101","HANDLE_IN_U_EXIT","DOOR_STOP"],
    "classes":["EN179"],
    "data_date":"10.04.2013"},

    {"id":"EXB-S21-2",
    "products":["ACY037","APE592","ADB001","ADB104","ADB103","ADC112","AFD110","ADA001","ADA034","AEA280","AEA217","AEA501","PULL_OUT","APBE002","DOOR_STOP","ALE980","ALE953","ALE981","ADC240","ADC190","AFD101","APBE002","DOOR_STOP"],
    "classes":["EN1125"],
    "data_date":"10.04.2013"},

    {"id":"EXH-S22-2",
    "products":["ACY037","AEL580","ADC250","ADC250","AFD461","AEA280","AEA210","AEA501","HANDLEPAIR_U_EXIT","ALE980","ALE953","ALE981","AFD101","HANDLE_IN_U_EXIT"],
    "classes":["FIRE","EN179"],
    "data_date":"10.04.2013"},

    {"id":"EXB-S22-2",
    "products":["ACY037","AEL580","ADC250","ADC250","AFD461","AEA280","AEA210","AEA501","APBE001","HANDLE_U_OUT","ALE980","ALE953","ALE981","AFD101","APBE002"],
    "classes":["FIRE","EN1125"],
    "data_date":"10.04.2013"},

    {"id":"EXH-S23-2",
    "products":["ACY037","APE592","ADA763","ADA147","ADA147","ADA104","ADA104","AFD110","ADA001","ADA001","ADA034","ADA034","ADA136","AEA280","AEA280","AEA217","AEA211","AEA501","PULL_OUT","HANDLE_IN_U_EXIT","DOOR_STOP","ALE980","ALE953","APE951","AFD101","AEA280","AEA211","HANDLE_IN_U_EXIT","DOOR_STOP"],
    "classes":["FIRE","EN179"],
    "data_date":"10.04.2013"},

    {"id":"EXB-S23-2",
    "products":["ACY037","APE592","ADA763","ADA147","ADA147","ADA104","ADA104","AFD110","ADA001","ADA001","ADA034","ADA034","ADA136","AEA280","AEA280","AEA217","AEA211","AEA501","PULL_OUT","APBE002","DOOR_STOP","ALE980","ALE953","APE951","AFD101","AEA280","AEA211","APBE002","DOOR_STOP"],
    "classes":["FIRE","EN1125"],
    "data_date":"10.04.2013"},

    {"id":"EXH-S24-2",
    "products":["ACY063","AEL490","ADC250","ADC250","AFD461","AEA281","AEA217","AEA502","PULL_OUT","HANDLE_IN_P_EXIT","ALE930","ALE943","ALE931","AFD101","HANDLE_IN_P_EXIT"],
    "classes":["FIRE","EN179"],
    "data_date":"10.04.2013"},

    {"id":"EXB-S24-2",
    "products":["ACY063","AEL490","ADC250","ADC250","AFD461","AEA281","AEA217","AEA502","PULL_OUT","APBE003","ALE930","ALE943","ALE931","AFD101","APBE003"],
    "classes":["FIRE","EN1125"],
    "data_date":"10.04.2013"},

    {"id":"EXH-S25-2",
    "products":["ACY063","AEL490","ADB022","ADB104","ADB104","ADB109","ADA001","ADA001","ADA061","ADA061","ADA039","AEA281","AEA217","AEA502","PULL_OUT","HANDLE_IN_U_EXIT","DOOR_STOP","ALE930","ALE943","APE941","AFD101","AEA281","AEA211","HANDLE_IN_P_EXIT","DOOR_STOP"],
    "classes":["EN179"],
    "data_date":"10.04.2013"},

    {"id":"EXB-S25-2",
    "products":["ACY063","AEL490","ADB022","ADB104","ADB104","ADB109","ADA001","ADA001","ADA061","ADA061","ADA039","AEA281","AEA281","AEA217","AEA211","AEA502","PULL_OUT","APBE003","DOOR_STOP","ALE930","ALE943","APE941","AFD101","AEA281","AEA211","APBE003","DOOR_STOP"],
    "classes":["EN1125"],
    "data_date":"10.04.2013"},

    {"id":"EXH-S26-2",
    "products":["ACY063","AEL490","ADB001","ADB103","ADB104","ADC112","AFD110","ADA001","ADA034","AEA281","AEA217","AEA502","PULL_OUT","HANDLE_IN_P_EXIT","DOOR_STOP","ALE930","ALE943","APE941","ADC240","ADC190","AFD101","HANDLE_IN_P_EXIT","DOOR_STOP"],
    "classes":["EN179"],
    "data_date":"10.04.2013"},

    {"id":"EXB-S26-2",
    "products":["ACY063","AEL490","ADB001","ADB104","ADB103","ADC112","AFD110","ADA001","ADA034","AEA281","AEA281","AEA217","AEA502","PULL_OUT","APBE003","DOOR_STOP","ALE930","ALE943","APE941","ADC240","ADC190","AFD101","APBE003","DOOR_STOP"],
    "classes":["EN1125"],
    "data_date":"10.04.2013"},

    {"id":"EXH-S27-2",
    "products":["ACY063","AEL480","ADC250","ADC250","AFD461","AEA281","AEA210","AEA502","HANDLEPAIR_P_EXIT","ALE930","ALE943","ALE931","AFD101","HANDLE_IN_P_EXIT"],
    "classes":["FIRE","EN179"],
    "data_date":"10.04.2013"},

    {"id":"EXB-S27-2",
    "products":["ACY063","AEL480","ADC250","ADC250","AFD461","AEA281","AEA210","AEA502","APBE001","HANDLE_P_OUT","ALE930","ALE943","ALE931","AFD101","APBE003"],
    "classes":["FIRE","EN1125"],
    "data_date":"10.04.2013"},

    {"id":"EXH-S28-2",
    "products":["ACY063","AEL490","ADA763","ADA147","AFD110","ADA001","ADA001","ADA034","ADA034","ADA136","AEA281","AEA281","AEA217","AEA211","AEA502","PULL_OUT","HANDLE_IN_P_EXIT","DOOR_STOP","ALE930","ALE943","APE941","AFD101","AEA281","AEA211","HANDLE_IN_P_EXIT","DOOR_STOP"],
    "classes":["FIRE","EN179"],
    "data_date":"10.04.2013"},

    {"id":"EXB-S28-2",
    "products":["ACY063","AEL490","ADA763","ADA147","AFD110","ADA001","ADA001","ADA034","ADA034","ADA136","AEA281","AEA281","AEA217","AEA211","AEA502","PULL_OUT","APBE003","DOOR_STOP","ALE930","ALE943","APE941","AFD101","AEA281","AEA211","APBE003","DOOR_STOP"],
    "classes":["FIRE","EN1125"],
    "data_date":"10.04.2013"},

    {"id":"OP-M1-1",
    "products":["AOP193","AVR","AOP1021","ADC335","ADC190"],
    "classes":["ONEFIT","FK1","EXIT"],
    "data_date":"04.09.2013"},

    {"id":"OP-M1-2",
    "products":["AOP193","AVR","AOP1021","ADC335","ADC190","ADF3000"],
    "classes":["ONEFIT","FK1","EXIT"],
    "data_date":"04.09.2013"},

    {"id":"OP-M2-1",
    "products":["AOP021","AOP193","AVR","ADC240","ADC199"],
    "classes":["ONEFIT","FIRE","EXIT"],
    "data_date":"04.09.2013"},

    {"id":"OP-M2-2",
    "products":["AOP021","AOP193","AVR","ADC240","ADC199","ADF3000"],
    "classes":["ONEFIT","FIRE","EXIT"],
    "data_date":"04.09.2013"},

    {"id":"OP-M3-1",
    "products":["AOP021","AOP193","AVR","DOOR_BELL","POST_HATCH"],
    "classes":["ONEFIT","FIRE","EXIT"],
    "data_date":"04.09.2013"},

    {"id":"OP-M4-1",
    "products":["AOP101(UOC)"],
    "classes":[],
    "data_date":"04.09.2013"},

    {"id":"OP-M5-1",
    "products":["AOP031","AOP193","AVR","ADC335","ADC190"],
    "classes":["ONEFIT","EXIT"],
    "data_date":"04.09.2013"},

    {"id":"OP-M5-2",
    "products":["AOP031","AOP193","AVR","ADC335","ADC190","ADF3000"],
    "classes":["ONEFIT","EXIT"],
    "data_date":"04.09.2013"},

    {"id":"OP-M6-1",
    "products":["AOP101(WIR)"],
    "classes":[],
    "data_date":"04.09.2013"},

    {"id":"OP-S1-1",
    "products":["ACY080","AEL402","AVR","AOP101(UOC)","ADC240","ADC191","AEA281","AEA211","PULL_OUT"],
    "classes":["EXIT"],
    "data_date":"04.09.2013"},

    {"id":"OP-S1-2",
    "products":["ACY080","AEL402","AVR","AOP101(UOC)","ADC240","ADC191","AEA281","AEA211","PULL_OUT","ADF3000"],
    "classes":["EXIT"],
    "data_date":"04.09.2013"},

    {"id":"OP-S2-1",
    "products":["ACY063","AEL490","ADH053","AVR","AOP101(UOC)","ADC240","ADC191","AEA281","AEA217","PULL_PAIR"],
    "classes":["EXIT"],
    "data_date":"04.09.2013"},

    {"id":"OP-S2-2",
    "products":["ACY063","AEL490","ADH053","AVR","AOP101(UOC)","ADC240","ADC191","AEA281","AEA217","PULL_PAIR","ADF3000"],
    "classes":["EXIT"],
    "data_date":"04.09.2013"},

    {"id":"OP-S3-1",
    "products":["ACY037","ABL581OPX","AVR","AOP300","HANDLEPAIR_U","DOOR_BELL","POST_HATCH"],
    "classes":["ONEFIT","FK1","FIRE","EXIT"],
    "data_date":"04.09.2013"},

    {"id":"OP-S4-1",
    "products":["ACY063","AEL490","ADH053","AVR","AOP101(WIR)","ADC240","ADC191","AEA281","AEA217","AEA502","PULL_PAIR"],
    "classes":["EXIT"],
    "data_date":"14.11.2013"},

    {"id":"OP-S4-2",
    "products":["ACY063","AEL490","ADH053","AVR","AOP101(WIR)","ADC240","ADC191","AEA281","AEA217","AEA502","PULL_PAIR","ADF3000"],
    "classes":["EXIT"],
    "data_date":"14.11.2013"},

    {"id":"OP-S5-1",
    "products":["ACY063","AEL480","AVR","AOP101(WIR)","ADC240","ADC199","AEA280","AEA217","AEA502","HANDLEPAIR_P_EXIT"],
    "classes":["FIRE","EN179"],
    "data_date":"04.09.2013"},

    {"id":"OP-S5-2",
    "products":["ACY063","AEL480","AVR","AOP101(WIR)","ADC240","ADC199","AEA280","AEA217","AEA502","HANDLEPAIR_P_EXIT","ADF3000"],
    "classes":["FIRE","EN179"],
    "data_date":"04.09.2013"},

    {"id":"OP-S6-1",
    "products":["ACY066","AEL482","ACHO18","AVR","AOP101(WIR)","AOP101(WIR)","ADC240","ADC199","AEA281","AEA210","AEA502","HANDLEPAIR_P"],
    "classes":["FIRE","EXIT"],
    "data_date":"04.09.2013"},

    {"id":"OP-S6-2",
    "products":["ACY066","AEL482","ACHO18","AVR","AOP101(WIR)","AOP101(WIR)","ADC240","ADC199","AEA281","AEA210","AEA502","HANDLEPAIR_P","ADF3000"],
    "classes":["FIRE","EXIT"],
    "data_date":"04.09.2013"},

    {"id":"OP-S7-1",
    "products":["ACY063","AEL480","AVR","AOP101(WIR)","ADC240","ADC199","AEA281","AEA210","AEA502","HANDLEPAIR_P"],
    "classes":["FIRE","EN179"],
    "data_date":"04.09.2013"},

    {"id":"OP-S7-2",
    "products":["ACY063","AEL480","AVR","AOP101(WIR)","ADC240","ADC199","AEA281","AEA210","AEA502","HANDLEPAIR_P","ADF3000"],
    "classes":["FIRE","EN179"],
    "data_date":"04.09.2013"},

    {"id":"DA1A-1",
    "products":["ACY063","AEL490","AVR","ADA460","ADA147","ADA103","AEA281","AEA217","PULL_PAIR","HANDLE_IN_P","DOOR_STOP"],
    "classes":["EXIT"],
    "data_date":"10.12.2013"},

    {"id":"DA1C-1",
    "products":["ACY063","AEL490","AVR","ADB001","ADB104","ADB103","ADA004","ADA034","AEA281","AEA217","AEA500","PULL_PAIR","HANDLE_IN_P","DOOR_STOP"],
    "classes":["EXIT"],
    "data_date":"10.12.2013"},

    {"id":"DA1A-2",
    "products":["ACY063","AEL490","AVR","ADA460","ADA147","ADA103","ADA004","ADA004","ADA034","AEA281","AEA217","PULL_PAIR","HANDLE_IN_P","DOOR_STOP","ADF3000"],
    "classes":["EXIT"],
    "data_date":"10.12.2013"},

    {"id":"DA1C-2",
    "products":["ACY063","AEL490","AVR","ADB001","ADB104","ADB103","ADA004","ADA034","ADA061","AEA281","AEA217","AEA500","PULL_PAIR","HANDLE_IN_P","DOOR_STOP","ADF3000"],
    "classes":["EXIT"],
    "data_date":"13.4.2013"},

    {"id":"DA2A-1",
    "products":["ADA460","ADA147","ADA103","ADA004","ADA004","ADA034","ADA034","AEA281","AEA217","PULL_PAIR","DOOR_STOP"],
    "classes":["EXIT"],
    "data_date":"10.12.2013"},

    {"id":"DA2C-1",
    "products":["ADB001","ADB104","ADB103","ADA004","ADA034","ADA034","AEA281","AEA217","PULL_PAIR","DOOR_STOP"],
    "classes":["EXIT"],
    "data_date":"10.12.2013"},

    {"id":"DA2A-2",
    "products":["ADA460","ADA147","ADA103","ADA004","ADA004","ADA034","ADA034","AEA281","AEA217","PULL_PAIR","DOOR_STOP","ADF3000"],
    "classes":["EXIT"],
    "data_date":"10.12.2013"},

    {"id":"DA2C-2",
    "products":["ADB001","ADB104","ADB103","ADA004","ADA034","ADA034","AEA281","AEA217","PULL_PAIR","DOOR_STOP","ADF3000"],
    "classes":["EXIT"],
    "data_date":"10.12.2013"},

    {"id":"M1-1",
    "products":["ACY066","ALC302","ADC240","ADC190","PULL_PAIR"],
    "classes":["EXIT"],
    "data_date":"10.04.2013"},

    {"id":"M1-2",
    "products":["ACY066","ALC302","AVR","ADC240","ADC190","PULL_PAIR","ADF3000"],
    "classes":["EXIT"],
    "data_date":"10.04.2013"},

    {"id":"M3-1",
    "products":["ACY066","ALC302","AVR","ADC240","ADC190","PULL_PAIR"],
    "classes":["FK1-3","EXIT"],
    "data_date":"11.04.2013"},

    {"id":"M3-2",
    "products":["ACY066","ALC302","AVR","ACY065","ALC306","AVR","ADC240","ADC190","PULL_PAIR","ADF3000","ADF2003"],
    "classes":["FK1-3","EXIT"],
    "data_date":"11.04.2013"},

    {"id":"M6-1",
    "products":["ACY001","ALC195","AVR","ADC240","ADC190","PULL_PAIR","ADP039"],
    "classes":["FK1","EXIT"],
    "data_date":"11.04.2013"},

    {"id":"M6-2",
    "products":["ACY001","ALC195","AVR","ADC240","ADC190","PULL_PAIR","ADP039","ADF3000"],
    "classes":["FK1","EXIT"],
    "data_date":"11.04.2013"},

    {"id":"M8-1",
    "products":["ACY001","ALC195","AVR","ACY062","A4181","AVR","ADC240","ADC190","PULL_PAIR"],
    "classes":["FK1-3","EXIT"],
    "data_date":"11.04.2013"},

    {"id":"M8-2",
    "products":["ACY001","ALC195","AVR","ACY062","A4181","AVR","ADC240","ADC190","PULL_PAIR","ADP039","ADF3000","ADF2003"],
    "classes":["FK1-3","EXIT"],
    "data_date":"11.04.2013"},

    {"id":"M11-1",
    "products":["ADC240","ADC190","PULL_PAIR"],
    "classes":["EXIT"],
    "data_date":"10.04.2013"},

    {"id":"M11-2",
    "products":["ADC240","ADC190","PULL_PAIR","ADF3000"],
    "classes":["EXIT"],
    "data_date":"10.04.2013"},

    {"id":"M12-1",
    "products":["ADC240","ADC190","PULL_PAIR","ADP039"],
    "classes":["EXIT"],
    "data_date":"10.04.2013"},

    {"id":"M12-2",
    "products":["ADC240","ADC190","PULL_PAIR","ADP039","ADF3000"],
    "classes":["EXIT"],
    "data_date":"10.04.2013"},

    {"id":"M13-1",
    "products":["ACY065","ALC301F","ACH017","AVR","ADC335","ADC199","PULL_PAIR"],
    "classes":["FIRE","EXIT"],
    "data_date":"26.09.2013"},

    {"id":"M13-2",
    "products":["ACY065","ALC301F","ACH017","AVR","ADC335","ADC199","PULL_PAIR","ADF3005","ADF3000","AOF230"],
    "classes":["FIRE","EXIT"],
    "data_date":"26.09.2013"},

    {"id":"M14-1",
    "products":["ACY064","ALC301F","ACH017","AVR","ADC335","ADC199","PULL_IN"],
    "classes":["FIRE","EXIT"],
    "data_date":"26.09.2013"},

    {"id":"M14-2",
    "products":["ACY064","ALC301F","ACH017","AVR","ADC335","ADC199","PULL_IN","ADF3005","ADF3000","AOF230"],
    "classes":["FIRE","EXIT"],
    "data_date":"26.09.2013"},

    {"id":"M15-1",
    "products":["ACY065","ALC301F","ACH017","AVR","ACY065","ALC306","AVR","ADC335","ADC199","PULL_PAIR"],
    "classes":["FK1-3","FIRE","EXIT"],
    "data_date":"26.09.2013"},

    {"id":"M15-2",
    "products":["ACY065","ALC301F","ACH017","AVR","ACY065","ALC306","AVR","ADC335","ADC199","PULL_PAIR","ADF3005","ADF3000","ADF2003","AOF230"],
    "classes":["FK1-3","FIRE","EXIT"],
    "data_date":"09.04.2013"},

    {"id":"M16-1",
    "products":["ACY064","ALC301F","ACH017","AVR","ACY064","ALC306","AVR","ADC335","ADC199","PULL_IN"],
    "classes":["FK1-3","FIRE","EXIT"],
    "data_date":"26.09.2013"},

    {"id":"M16-2",
    "products":["ACY064","ALC301F","ACH017","AVR","ACY064","ALC306","AVR","ADC335","ADC199","PULL_IN","ADF3005","ADF3000","ADF2003","AOF230"],
    "classes":["FK1-3","FIRE","EXIT"],
    "data_date":"26.09.2013"},

    {"id":"M17-1",
    "products":["ACY002","ALC193","ACH021","AVR","ADC335","ADC199","PULL_PAIR","ADP039"],
    "classes":["FK1","FIRE","EXIT"],
    "data_date":"10.04.2013"},

    {"id":"M17-2",
    "products":["ACY002","ALC193","ACH021","AVR","ADC335","ADC199","PULL_PAIR","ADP039","ADF3005","ADF3000","AOF230"],
    "classes":["FK1","FIRE","EXIT"],
    "data_date":"10.04.2013"},

    {"id":"M18-1",
    "products":["ACY021","ALC193","ACH021","AVR","ADC335","ADC199","PULL_IN","ADP039"],
    "classes":["FK1","FIRE","EXIT"],
    "data_date":"11.04.2013"},

    {"id":"M18-2",
    "products":["ACY021","ALC193","ACH021","AVR","ADC335","ADC199","PULL_IN","ADP039","ADF3005","ADF3000","AOF230"],
    "classes":["FK1","FIRE","EXIT"],
    "data_date":"11.04.2013"},

    {"id":"M19-1",
    "products":["ACY002","ALC193","ACH021","AVR","ACY062","A4181","AVR","ADC335","ADC199","PULL_PAIR","ADP039"],
    "classes":["FK1-3","FIRE","EXIT"],
    "data_date":"11.04.2013"},

    {"id":"M19-2",
    "products":["ACY002","ALC193","ACH021","AVR","ACY062","A4181","AVR","ADC335","ADC199","PULL_PAIR","ADP039","ADF3005","ADF3000","ADF2003","AOF230"],
    "classes":["FK1-3","FIRE","EXIT"],
    "data_date":"11.04.2013"},

    {"id":"M20-1",
    "products":["ACY021","ALC193","ACH021","AVR","ACY061","A4181","AVR","ADC335","ADC199","PULL_IN","ADP039"],
    "classes":["FK1-3","FIRE","EXIT"],
    "data_date":"11.04.2013"},

    {"id":"M20-2",
    "products":["ACY021","ALC193","ACH021","AVR","ACY061","A4181","AVR","ADC335","ADC199","PULL_IN","ADP039","ADF3005","ADF3000","ADF2003","AOF230"],
    "classes":["FK1-3","FIRE","EXIT"],
    "data_date":"11.04.2013"},

    {"id":"M21-1",
    "products":["ACY066","ALC305","AVR","ADC240","ADC199","HANDLEPAIR_P"],
    "classes":["FIRE","EXIT"],
    "data_date":"11.04.2013"},

    {"id":"M21-2",
    "products":["ACY066","ALC305","AVR","ADC240","ADC199","HANDLEPAIR_P","ADF3000"],
    "classes":["FIRE","EXIT"],
    "data_date":"11.04.2013"},

    {"id":"M22-1",
    "products":["ALC303","ADC240","ADC199","HANDLEPAIR_P"],
    "classes":["FIRE","EXIT"],
    "data_date":"11.04.2013"},

    {"id":"M22-2",
    "products":["ALC303","ADC240","ADC199","HANDLEPAIR_P","ADF3000"],
    "classes":["FIRE","EXIT"],
    "data_date":"11.04.2013"},

    {"id":"M23-1",
    "products":["ACY001","ALC194","AVR","ADC240","ADC199","ADP131","ADP131"],
    "classes":["FK1","FIRE","EXIT"],
    "data_date":"11.04.2013"},

    {"id":"M23-2",
    "products":["ACY001","ALC194","AVR","ADC240","ADC199","ADP131","ADP131","ADF3000"],
    "classes":["FK1","FIRE","EXIT"],
    "data_date":"11.04.2013"},

    {"id":"M24-1",
    "products":["ACY001","ALC190","AVR","ADC240","ADC199","HANDLEPAIR_U"],
    "classes":["FK1","FIRE","EXIT"],
    "data_date":"11.04.2013"},

    {"id":"M24-2",
    "products":["ACY001","ALC190","AVR","ADC240","ADC199","HANDLEPAIR_U","ADF3000"],
    "classes":["FK1","FIRE","EXIT"],
    "data_date":"11.04.2013"},

    {"id":"M26-1",
    "products":["ACY001","ALC102","AVR","ACY062","A4181","AVR","HANDLEPAIR_U"],
    "classes":["FK1-3","EXIT"],
    "data_date":"11.04.2013"},

    {"id":"M26A-1",
    "products":["ACY001","ALC102","AVR","ACY062","A4181","AVR","HANDLEPAIR_U","DOOR_BELL","POST_HATCH"],
    "classes":["FK1-3","FIRE","EXIT"],
    "data_date":"11.04.2013"},

    {"id":"M26A-2",
    "products":["ACY001","ALC102","AVR","ACY062","A4181","AVR","HANDLEPAIR_U","DOOR_BELL","POST_HATCH","A2014","HANDLEPAIR_U_LIGHT"],
    "classes":["FK1","FIRE","EXIT"],
    "data_date":"11.04.2013"},

    {"id":"M26B-1",
    "products":["ACY001","ALC102","AVR","HANDLEPAIR_U","DOOR_BELL","POST_HATCH"],
    "classes":["FK1","FIRE","EXIT"],
    "data_date":"11.04.2013"},

    {"id":"M26B-2",
    "products":["ACY001","ALC102","AVR","HANDLEPAIR_U","DOOR_BELL","POST_HATCH","A2014","HANDLEPAIR_U_LIGHT"],
    "classes":["FK1","FIRE","EXIT"],
    "data_date":"11.04.2013"},

    {"id":"M27-1",
    "products":["ACY001","ALC194","AVR","ADC240SH","ADC190","PULL_PAIR","ADP039"],
    "classes":["FK1","EXIT"],
    "data_date":"11.04.2013"},

    {"id":"M27-2",
    "products":["ACY001","ALC194","AVR","ADC240SH","ADC190","PULL_PAIR","ADP039","ADF3000"],
    "classes":["FK1","EXIT"],
    "data_date":"11.04.2013"},

    {"id":"M29-1",
    "products":["ACY001","ACY037","ALC120","AVR","ADC335","ADC199","ADP131","ADP131"],
    "classes":["FIRE","EXIT"],
    "data_date":"11.04.2013"},

    {"id":"M29-2",
    "products":["ACY001","ACY037","ALC120","AVR","ADC335","ADC199","ADP131","ADP131","ADF3000"],
    "classes":["FIRE","EXIT"],
    "data_date":"11.04.2013"},

    {"id":"M30-1",
    "products":["ACY027","ARI207","A6180"],
    "classes":["EXIT"],
    "data_date":"11.04.2013"},

    {"id":"M31-2",
    "products":["ACY001","ALC195","AVR","ADP130","ADP130","FIX271","FIX271"],
    "classes":["FK1","EXIT"],
    "data_date":"11.04.2013"},

    {"id":"M32-1",
    "products":["ACY066","ALC302","AVR","ADC335","ADC190","PULL_PAIR"],
    "classes":["EXIT"],
    "data_date":"11.04.2013"},

    {"id":"M33-1",
    "products":["ACY069","ALC306","AVR","PULL_PAIR"],
    "classes":["EXIT"],
    "data_date":"11.04.2013"},

    {"id":"M34-1",
    "products":["ACY001","ALC960","AVR","PULL_PAIR"],
    "classes":["EXIT"],
    "data_date":"11.04.2013"},

    {"id":"M35-1",
    "products":["ACY069","ALC306","AVR","ACY064","ALC306","AVR","PULL_PAIR"],
    "classes":["FK1-3"],
    "data_date":"11.04.2013"},

    {"id":"M36-1(VASEN)",
    "products":["A5165","ALA107","AVR","ADP130","ADP130","FIX150","FIXS1107130"],
    "classes":["FK1"],
    "data_date":"11.04.2013"},

    {"id":"M36-1(OIKEA)",
    "products":["A5165","ALA106","AVR","ADP130","ADP130","FIX150","FIXS1107130"],
    "classes":["FK1"],
    "data_date":"11.04.2013"},

    {"id":"M36A-1",
    "products":["ADP130","ADP130","FIX150","FIXS1107130","ADH83"],
    "classes":["FK1"],
    "data_date":"11.04.2013"},

    {"id":"M37-1",
    "products":["ACY804","ADP130","FIX150","FIXS3105130","ADH83"],
    "classes":["FK1"],
    "data_date":"11.04.2013"},

    {"id":"M37-A",
    "products":["ADP130","ADP130","A037","ACH005","FIX150","FIXS3105130","ADH83"],
    "classes":["EXIT"],
    "data_date":"11.04.2013"},

    {"id":"M38-2",
    "products":["ADP130","A037","ACH005","FIX150","FIXS3105130","ADH83","A5165","ALA105","FIX150","FIXS1107130"],
    "classes":["FK1"],
    "data_date":"11.04.2013"},

    {"id":"M39-2",
    "products":["ADP130","FIX150","FIX840","FIXS3105130","ADH83","FIX150","FIXS1107130","ADH83"],
    "classes":["FK1"],
    "data_date":"11.04.2013"},

    {"id":"M42-1",
    "products":["APL330","APL202"],
    "classes":[],
    "data_date":"16.04.2013"},

    {"id":"M43-1",
    "products":["ACY001","ALC190","AVR","HANDLEPAIR_U"],
    "classes":["FK1","EXIT"],
    "data_date":"11.04.2013"},

    {"id":"M43-2",
    "products":["ACY001","ALC190","AVR","HANDLEPAIR_U","ADF3000"],
    "classes":["FK1"],
    "data_date":"11.04.2013"},

    {"id":"M44B-1",
    "products":["ACY001","ALC190","AVR","ADC250","ADC152","ADC194","HANDLEPAIR_U"],
    "classes":["FK1","EXIT"],
    "data_date":"11.04.2013"}

    ]
    
    {"id":"",
    "products":[],
    "classes":[],
    "data_date":""},